level,unit,unitTitle,moduleId,moduleTitle,topics,id,lemma,pos,gender,plural,en,example,forms,aux,separable,reflexive,prep,case,comparative,superlative,rank,note,audio
A1,a1-01,Person & Vorstellung,a1-m1,Ich & die Anderen,person,name,Name,noun,der,Namen,name,Mein Name ist Ana.,,,,,,,,,440,,
A1,a1-01,Person & Vorstellung,a1-m1,Ich & die Anderen,person,vorname,Vorname,noun,der,Vornamen,first name,Bitte schreiben Sie hier Ihren Vornamen.,,,,,,,,,8371,,
A1,a1-01,Person & Vorstellung,a1-m1,Ich & die Anderen,person,nachname,Nachname,noun,der,Nachnamen,"surname, last name",Mein Nachname ist schwer zu schreiben.,,,,,,,,,8754,,
A1,a1-01,Person & Vorstellung,a1-m1,Ich & die Anderen,person,adresse,Adresse,noun,die,Adressen,address,Wie ist deine Adresse?,,,,,,,,,1450,,
A1,a1-01,Person & Vorstellung,a1-m1,Ich & die Anderen,person,strasse,Straße,noun,die,Straßen,street,Ich wohne in der Goethestraße.,,,,,,,,,732,,
A1,a1-01,Person & Vorstellung,a1-m1,Ich & die Anderen,person,stadt,Stadt,noun,die,Städte,"city, town",München ist eine große Stadt.,,,,,,,,,369,,
A1,a1-01,Person & Vorstellung,a1-m1,Ich & die Anderen,person,land,Land,noun,das,Länder,country,Aus welchem Land kommst du?,,,,,,,,,512,,
A1,a1-01,Person & Vorstellung,a1-m1,Ich & die Anderen,person,telefonnummer,Telefonnummer,noun,die,Telefonnummern,phone number,Gib mir bitte deine Telefonnummer.,,,,,,,,,4812,,
A1,a1-01,Person & Vorstellung,a1-m1,Ich & die Anderen,person,alter,Alter,noun,das,,age,Wie ist Ihr Alter?,,,,,,,,,508,,
A1,a1-01,Person & Vorstellung,a1-m1,Ich & die Anderen,person,geburtstag,Geburtstag,noun,der,Geburtstage,birthday,Mein Geburtstag ist im Mai.,,,,,,,,,1192,,
A1,a1-01,Person & Vorstellung,a1-m1,Ich & die Anderen,person,beruf,Beruf,noun,der,Berufe,"job, profession",Was sind Sie von Beruf?,,,,,,,,,2437,,
A1,a1-01,Person & Vorstellung,a1-m1,Ich & die Anderen,person,sprache,Sprache,noun,die,Sprachen,language,Ich lerne drei Sprachen.,,,,,,,,,1979,,
A1,a1-01,Person & Vorstellung,a1-m1,Ich & die Anderen,person,herr,Herr,noun,der,Herren,"Mr, gentleman","Guten Tag, Herr Müller!",,,,,,,,,300,,
A1,a1-01,Person & Vorstellung,a1-m1,Ich & die Anderen,person,frau,Frau,noun,die,Frauen,"woman, Mrs",Die Frau dort ist meine Lehrerin.,,,,,,,,,153,,
A1,a1-01,Person & Vorstellung,a1-m1,Ich & die Anderen,person,mann,Mann,noun,der,Männer,man,Der Mann am Fenster liest eine Zeitung.,,,,,,,,,102,,
A1,a1-01,Person & Vorstellung,a1-m1,Ich & die Anderen,person,person,Person,noun,die,Personen,person,Wir sind vier Personen.,,,,,,,,,835,,
A1,a1-01,Person & Vorstellung,a1-m1,Ich & die Anderen,person,heissen,heißen,verb,,,to be called,Wie heißt du?,heißt|hieß|geheißen,haben,,,,,,,810,,
A1,a1-01,Person & Vorstellung,a1-m1,Ich & die Anderen,person,kommen,kommen,verb,,,to come,Ich komme aus der Türkei.,kommt|kam|gekommen,sein,,,,,,,140,,
A1,a1-01,Person & Vorstellung,a1-m1,Ich & die Anderen,person,wohnen,wohnen,verb,,,"to live, to reside",Wir wohnen in Berlin.,wohnt|wohnte|gewohnt,haben,,,,,,,1295,,
A1,a1-01,Person & Vorstellung,a1-m1,Ich & die Anderen,person,sprechen,sprechen,verb,,,to speak,Sprechen Sie Deutsch?,spricht|sprach|gesprochen,haben,,,,,,,318,,
A1,a1-01,Person & Vorstellung,a1-m1,Ich & die Anderen,person,sein,sein,verb,,,to be,Ich bin müde.,ist|war|gewesen,sein,,,,,,,56,,
A1,a1-01,Person & Vorstellung,a1-m1,Ich & die Anderen,person,haben,haben,verb,,,to have,Hast du Zeit?,hat|hatte|gehabt,haben,,,,,,,30,,
A1,a1-01,Person & Vorstellung,a1-m1,Ich & die Anderen,person,alt,alt,adj,,,old,Wie alt bist du?,,,,,,,älter,am ältesten,599,,
A1,a1-01,Person & Vorstellung,a1-m1,Ich & die Anderen,person,jung,jung,adj,,,young,Meine Schwester ist noch jung.,,,,,,,jünger,am jüngsten,1171,,
A1,a1-01,Person & Vorstellung,a1-m1,Ich & die Anderen,person,verheiratet,verheiratet,adj,,,married,Sind Sie verheiratet?,,,,,,,,,970,,
A1,a1-02,Familie & Beziehungen,a1-m1,Ich & die Anderen,familie,familie,Familie,noun,die,Familien,family,Meine Familie wohnt in Izmir.,,,,,,,,,303,,
A1,a1-02,Familie & Beziehungen,a1-m1,Ich & die Anderen,familie,eltern,Eltern,noun,,,parents,Meine Eltern besuchen mich im Sommer.,,,,,,,,,593,,
A1,a1-02,Familie & Beziehungen,a1-m1,Ich & die Anderen,familie,mutter,Mutter,noun,die,Mütter,mother,Meine Mutter kocht sehr gut.,,,,,,,,,197,,
A1,a1-02,Familie & Beziehungen,a1-m1,Ich & die Anderen,familie,vater,Vater,noun,der,Väter,father,Mein Vater arbeitet bei der Post.,,,,,,,,,178,,
A1,a1-02,Familie & Beziehungen,a1-m1,Ich & die Anderen,familie,kind,Kind,noun,das,Kinder,child,Das Kind spielt im Garten.,,,,,,,,,336,,
A1,a1-02,Familie & Beziehungen,a1-m1,Ich & die Anderen,familie,sohn,Sohn,noun,der,Söhne,son,Ihr Sohn geht schon zur Schule.,,,,,,,,,311,,
A1,a1-02,Familie & Beziehungen,a1-m1,Ich & die Anderen,familie,tochter,Tochter,noun,die,Töchter,daughter,Meine Tochter ist sieben Jahre alt.,,,,,,,,,429,,
A1,a1-02,Familie & Beziehungen,a1-m1,Ich & die Anderen,familie,bruder,Bruder,noun,der,Brüder,brother,Mein Bruder wohnt in Hamburg.,,,,,,,,,341,,
A1,a1-02,Familie & Beziehungen,a1-m1,Ich & die Anderen,familie,schwester,Schwester,noun,die,Schwestern,sister,Ich habe zwei Schwestern.,,,,,,,,,432,,
A1,a1-02,Familie & Beziehungen,a1-m1,Ich & die Anderen,familie,geschwister,Geschwister,noun,,,siblings,Hast du Geschwister?,,,,,,,,,7036,,
A1,a1-02,Familie & Beziehungen,a1-m1,Ich & die Anderen,familie,grossmutter,Großmutter,noun,die,Großmütter,grandmother,Meine Großmutter ist 82 Jahre alt.,,,,,,,,,1971,,
A1,a1-02,Familie & Beziehungen,a1-m1,Ich & die Anderen,familie,grossvater,Großvater,noun,der,Großväter,grandfather,Mein Großvater erzählt gern Geschichten.,,,,,,,,,1780,,
A1,a1-02,Familie & Beziehungen,a1-m1,Ich & die Anderen,familie,oma,Oma,noun,die,Omas,grandma,Oma backt heute einen Kuchen.,,,,,,,,,1662,,
A1,a1-02,Familie & Beziehungen,a1-m1,Ich & die Anderen,familie,opa,Opa,noun,der,Opas,grandpa,Mein Opa geht jeden Tag spazieren.,,,,,,,,,2021,,
A1,a1-02,Familie & Beziehungen,a1-m1,Ich & die Anderen,familie,onkel,Onkel,noun,der,Onkel,uncle,Mein Onkel hat ein kleines Restaurant.,,,,,,,,,740,,
A1,a1-02,Familie & Beziehungen,a1-m1,Ich & die Anderen,familie,tante,Tante,noun,die,Tanten,aunt,Meine Tante kommt am Wochenende.,,,,,,,,,1163,,
A1,a1-02,Familie & Beziehungen,a1-m1,Ich & die Anderen,familie,cousin,Cousin,noun,der,Cousins,cousin (male),Mein Cousin studiert in Köln.,,,,,,,,,2289,,
A1,a1-02,Familie & Beziehungen,a1-m1,Ich & die Anderen,familie,ehemann,Ehemann,noun,der,Ehemänner,husband,Ihr Ehemann ist Lehrer.,,,,,,,,,1434,,
A1,a1-02,Familie & Beziehungen,a1-m1,Ich & die Anderen,familie,ehefrau,Ehefrau,noun,die,Ehefrauen,wife,Seine Ehefrau arbeitet im Krankenhaus.,,,,,,,,,3712,,
A1,a1-02,Familie & Beziehungen,a1-m1,Ich & die Anderen,familie,freund,Freund,noun,der,Freunde,"friend (male), boyfriend",Ein Freund von mir wohnt hier.,,,,,,,,,260,,
A1,a1-02,Familie & Beziehungen,a1-m1,Ich & die Anderen,familie,freundin,Freundin,noun,die,Freundinnen,"friend (female), girlfriend",Meine Freundin lernt auch Deutsch.,,,,,,,,,543,,
A1,a1-02,Familie & Beziehungen,a1-m1,Ich & die Anderen,familie,baby,Baby,noun,das,Babys,baby,Das Baby schläft gerade.,,,,,,,,,371,,
A1,a1-02,Familie & Beziehungen,a1-m1,Ich & die Anderen,familie,heiraten,heiraten,verb,,,to marry,Sie heiraten im Juni.,heiratet|heiratete|geheiratet,haben,,,,,,,734,,
A1,a1-02,Familie & Beziehungen,a1-m1,Ich & die Anderen,familie,lieben,lieben,verb,,,to love,Ich liebe meine Familie.,liebt|liebte|geliebt,haben,,,,,,,658,,
A1,a1-02,Familie & Beziehungen,a1-m1,Ich & die Anderen,familie,kennen,kennen,verb,,,to know (a person),Kennst du meinen Bruder?,kennt|kannte|gekannt,haben,,,,,,,353,,
A1,a1-03,Gefühle,a1-m1,Ich & die Anderen,gefuehle,gefuehl,Gefühl,noun,das,Gefühle,feeling,Ich habe ein gutes Gefühl.,,,,,,,,,753,,
A1,a1-03,Gefühle,a1-m1,Ich & die Anderen,gefuehle,angst,Angst,noun,die,Ängste,fear,Ich habe Angst vor Hunden.,,,,,,,,,267,,
A1,a1-03,Gefühle,a1-m1,Ich & die Anderen,gefuehle,freude,Freude,noun,die,Freuden,joy,Der Brief war eine große Freude.,,,,,,,,,1433,,
A1,a1-03,Gefühle,a1-m1,Ich & die Anderen,gefuehle,liebe,Liebe,noun,die,,love,Liebe ist wichtiger als Geld.,,,,,,,,,188,,
A1,a1-03,Gefühle,a1-m1,Ich & die Anderen,gefuehle,glueck,Glück,noun,das,,"luck, happiness",Viel Glück bei der Prüfung!,,,,,,,,,380,,
A1,a1-03,Gefühle,a1-m1,Ich & die Anderen,gefuehle,stress,Stress,noun,der,,stress,Ich habe im Moment viel Stress.,,,,,,,,,2905,,
A1,a1-03,Gefühle,a1-m1,Ich & die Anderen,gefuehle,spass,Spaß,noun,der,Späße,fun,Der Kurs macht mir Spaß.,,,,,,,,,517,,
A1,a1-03,Gefühle,a1-m1,Ich & die Anderen,gefuehle,problem,Problem,noun,das,Probleme,problem,Kein Problem!,,,,,,,,,310,,
A1,a1-03,Gefühle,a1-m1,Ich & die Anderen,gefuehle,lust,Lust,noun,die,,"desire, inclination",Hast du Lust auf Kaffee?,,,,,,,,,1259,,
A1,a1-03,Gefühle,a1-m1,Ich & die Anderen,gefuehle,fuehlen,fühlen,verb,,,to feel,Ich fühle mich heute besser.,fühlt|fühlte|gefühlt,haben,,true,,,,,844,,
A1,a1-03,Gefühle,a1-m1,Ich & die Anderen,gefuehle,freuen,freuen,verb,,,"to be glad, to look forward to",Ich freue mich auf das Wochenende.,freut|freute|gefreut,haben,,true,auf,akk,,,1641,,
A1,a1-03,Gefühle,a1-m1,Ich & die Anderen,gefuehle,lachen,lachen,verb,,,to laugh,Wir haben viel gelacht.,lacht|lachte|gelacht,haben,,,,,,,857,,
A1,a1-03,Gefühle,a1-m1,Ich & die Anderen,gefuehle,weinen,weinen,verb,,,to cry,"Das Kind weint, weil es müde ist.",weint|weinte|geweint,haben,,,,,,,1675,,
A1,a1-03,Gefühle,a1-m1,Ich & die Anderen,gefuehle,aergern,ärgern,verb,,,"to annoy, to be annoyed",Ich ärgere mich über den Lärm.,ärgert|ärgerte|geärgert,haben,,true,über,akk,,,5528,,
A1,a1-03,Gefühle,a1-m1,Ich & die Anderen,gefuehle,moegen,mögen,verb,,,to like,Ich mag deutschen Kaffee nicht.,mag|mochte|gemocht,haben,,,,,,,893,,
A1,a1-03,Gefühle,a1-m1,Ich & die Anderen,gefuehle,gluecklich,glücklich,adj,,,happy,Sie ist sehr glücklich.,,,,,,,glücklicher,am glücklichsten,597,,
A1,a1-03,Gefühle,a1-m1,Ich & die Anderen,gefuehle,traurig,traurig,adj,,,sad,Warum bist du so traurig?,,,,,,,trauriger,am traurigsten,1204,,
A1,a1-03,Gefühle,a1-m1,Ich & die Anderen,gefuehle,muede,müde,adj,,,tired,Ich bin heute sehr müde.,,,,,,,müder,am müdesten,1083,,
A1,a1-03,Gefühle,a1-m1,Ich & die Anderen,gefuehle,froehlich,fröhlich,adj,,,cheerful,Er ist immer fröhlich.,,,,,,,fröhlicher,am fröhlichsten,4965,,
A1,a1-03,Gefühle,a1-m1,Ich & die Anderen,gefuehle,wuetend,wütend,adj,,,angry,Mein Chef war sehr wütend.,,,,,,,wütender,am wütendsten,1100,,
A1,a1-03,Gefühle,a1-m1,Ich & die Anderen,gefuehle,nervoes,nervös,adj,,,nervous,Vor der Prüfung bin ich nervös.,,,,,,,nervöser,am nervösesten,1324,,
A1,a1-03,Gefühle,a1-m1,Ich & die Anderen,gefuehle,ruhig,ruhig,adj,,,"calm, quiet",Bitte sei ruhig!,,,,,,,ruhiger,am ruhigsten,434,,
A1,a1-03,Gefühle,a1-m1,Ich & die Anderen,gefuehle,zufrieden,zufrieden,adj,,,"content, satisfied",Ich bin mit der Wohnung zufrieden.,,,,,,,zufriedener,am zufriedensten,1483,,
A1,a1-03,Gefühle,a1-m1,Ich & die Anderen,gefuehle,aufgeregt,aufgeregt,adj,,,"excited, agitated",Die Kinder sind ganz aufgeregt.,,,,,,,aufgeregter,am aufgeregtesten,2205,,
A1,a1-03,Gefühle,a1-m1,Ich & die Anderen,gefuehle,einsam,einsam,adj,,,lonely,Am Anfang war ich oft einsam.,,,,,,,einsamer,am einsamsten,2291,,
A1,a1-04,Haus & Räume,a1-m2,Wohnen,wohnen,haus,Haus,noun,das,Häuser,house,Wir haben ein großes Haus.,,,,,,,,,255,,
A1,a1-04,Haus & Räume,a1-m2,Wohnen,wohnen,wohnung,Wohnung,noun,die,Wohnungen,"flat, apartment",Die Wohnung hat drei Zimmer.,,,,,,,,,808,,
A1,a1-04,Haus & Räume,a1-m2,Wohnen,wohnen,zimmer,Zimmer,noun,das,Zimmer,room,"Mein Zimmer ist klein, aber hell.",,,,,,,,,513,,
A1,a1-04,Haus & Räume,a1-m2,Wohnen,wohnen,kueche,Küche,noun,die,Küchen,kitchen,In der Küche riecht es gut.,,,,,,,,,1341,,
A1,a1-04,Haus & Räume,a1-m2,Wohnen,wohnen,bad,Bad,noun,das,Bäder,bathroom,Das Bad ist neben der Küche.,,,,,,,,,1828,,
A1,a1-04,Haus & Räume,a1-m2,Wohnen,wohnen,schlafzimmer,Schlafzimmer,noun,das,Schlafzimmer,bedroom,Das Schlafzimmer liegt nach hinten.,,,,,,,,,2458,,
A1,a1-04,Haus & Räume,a1-m2,Wohnen,wohnen,wohnzimmer,Wohnzimmer,noun,das,Wohnzimmer,living room,Wir sitzen abends im Wohnzimmer.,,,,,,,,,3990,,
A1,a1-04,Haus & Räume,a1-m2,Wohnen,wohnen,kinderzimmer,Kinderzimmer,noun,das,Kinderzimmer,children's room,Das Kinderzimmer ist bunt.,,,,,,,,,12615,,
A1,a1-04,Haus & Räume,a1-m2,Wohnen,wohnen,flur,Flur,noun,der,Flure,"hallway, corridor",Die Schuhe stehen im Flur.,,,,,,,,,4081,,
A1,a1-04,Haus & Räume,a1-m2,Wohnen,wohnen,balkon,Balkon,noun,der,Balkone,balcony,Wir frühstücken oft auf dem Balkon.,,,,,,,,,7317,,
A1,a1-04,Haus & Räume,a1-m2,Wohnen,wohnen,garten,Garten,noun,der,Gärten,garden,Im Garten stehen zwei Bäume.,,,,,,,,,1878,,
A1,a1-04,Haus & Räume,a1-m2,Wohnen,wohnen,keller,Keller,noun,der,Keller,"cellar, basement",Die Fahrräder sind im Keller.,,,,,,,,,1673,,
A1,a1-04,Haus & Räume,a1-m2,Wohnen,wohnen,tuer,Tür,noun,die,Türen,door,Bitte mach die Tür zu.,,,,,,,,,401,,
A1,a1-04,Haus & Räume,a1-m2,Wohnen,wohnen,fenster,Fenster,noun,das,Fenster,window,Das Fenster ist offen.,,,,,,,,,980,,
A1,a1-04,Haus & Räume,a1-m2,Wohnen,wohnen,wand,Wand,noun,die,Wände,wall,An der Wand hängt ein Bild.,,,,,,,,,1604,,
A1,a1-04,Haus & Räume,a1-m2,Wohnen,wohnen,boden,Boden,noun,der,Böden,"floor, ground",Der Boden ist noch nass.,,,,,,,,,846,,
A1,a1-04,Haus & Räume,a1-m2,Wohnen,wohnen,decke,Decke,noun,die,Decken,"ceiling, blanket",Die Lampe hängt an der Decke.,,,,,,,,,2483,,
A1,a1-04,Haus & Räume,a1-m2,Wohnen,wohnen,treppe,Treppe,noun,die,Treppen,stairs,"Wir nehmen die Treppe, nicht den Aufzug.",,,,,,,,,2672,,
A1,a1-04,Haus & Räume,a1-m2,Wohnen,wohnen,dach,Dach,noun,das,Dächer,roof,Das Dach ist alt.,,,,,,,,,1710,,
A1,a1-04,Haus & Räume,a1-m2,Wohnen,wohnen,toilette,Toilette,noun,die,Toiletten,toilet,Wo ist bitte die Toilette?,,,,,,,,,2139,,
A1,a1-04,Haus & Räume,a1-m2,Wohnen,wohnen,miete,Miete,noun,die,Mieten,rent,Die Miete ist sehr hoch.,,,,,,,,,3143,,
A1,a1-04,Haus & Räume,a1-m2,Wohnen,wohnen,nachbar,Nachbar,noun,der,Nachbarn,neighbour,Mein Nachbar ist sehr nett.,,,,,,,,,4596,,
A1,a1-04,Haus & Räume,a1-m2,Wohnen,wohnen,mieten,mieten,verb,,,to rent,Wir mieten eine kleine Wohnung.,mietet|mietete|gemietet,haben,,,,,,,6818,,
A1,a1-04,Haus & Räume,a1-m2,Wohnen,wohnen,umziehen,umziehen,verb,,,to move house,Nächsten Monat ziehen wir um.,zieht um|zog um|umgezogen,sein,true,,,,,,3680,,
A1,a1-04,Haus & Räume,a1-m2,Wohnen,wohnen,putzen,putzen,verb,,,to clean,Am Samstag putze ich die Wohnung.,putzt|putzte|geputzt,haben,,,,,,,4506,,
A1,a1-05,Möbel & Haushalt,a1-m2,Wohnen,wohnen,tisch,Tisch,noun,der,Tische,table,Das Essen steht auf dem Tisch.,,,,,,,,,926,,
A1,a1-05,Möbel & Haushalt,a1-m2,Wohnen,wohnen,stuhl,Stuhl,noun,der,Stühle,chair,Nimm dir bitte einen Stuhl.,,,,,,,,,2128,,
A1,a1-05,Möbel & Haushalt,a1-m2,Wohnen,wohnen,bett,Bett,noun,das,Betten,bed,Das Bett ist sehr bequem.,,,,,,,,,554,,
A1,a1-05,Möbel & Haushalt,a1-m2,Wohnen,wohnen,schrank,Schrank,noun,der,Schränke,"cupboard, wardrobe",Die Teller sind im Schrank.,,,,,,,,,2746,,
A1,a1-05,Möbel & Haushalt,a1-m2,Wohnen,wohnen,sofa,Sofa,noun,das,Sofas,sofa,Der Hund schläft auf dem Sofa.,,,,,,,,,4838,,
A1,a1-05,Möbel & Haushalt,a1-m2,Wohnen,wohnen,sessel,Sessel,noun,der,Sessel,armchair,Opa sitzt in seinem Sessel.,,,,,,,,,9180,,
A1,a1-05,Möbel & Haushalt,a1-m2,Wohnen,wohnen,regal,Regal,noun,das,Regale,shelf,Im Regal stehen viele Bücher.,,,,,,,,,8681,,
A1,a1-05,Möbel & Haushalt,a1-m2,Wohnen,wohnen,lampe,Lampe,noun,die,Lampen,lamp,Mach bitte die Lampe an.,,,,,,,,,4977,,
A1,a1-05,Möbel & Haushalt,a1-m2,Wohnen,wohnen,teppich,Teppich,noun,der,Teppiche,"carpet, rug",Der Teppich ist aus der Türkei.,,,,,,,,,4176,,
A1,a1-05,Möbel & Haushalt,a1-m2,Wohnen,wohnen,spiegel,Spiegel,noun,der,Spiegel,mirror,Im Bad hängt ein großer Spiegel.,,,,,,,,,2502,,
A1,a1-05,Möbel & Haushalt,a1-m2,Wohnen,wohnen,kuehlschrank,Kühlschrank,noun,der,Kühlschränke,fridge,Die Milch ist im Kühlschrank.,,,,,,,,,3320,,
A1,a1-05,Möbel & Haushalt,a1-m2,Wohnen,wohnen,herd,Herd,noun,der,Herde,"stove, cooker",Der Herd ist noch heiß.,,,,,,,,,8152,,
A1,a1-05,Möbel & Haushalt,a1-m2,Wohnen,wohnen,waschmaschine,Waschmaschine,noun,die,Waschmaschinen,washing machine,Die Waschmaschine ist kaputt.,,,,,,,,,12051,,
A1,a1-05,Möbel & Haushalt,a1-m2,Wohnen,wohnen,topf,Topf,noun,der,Töpfe,pot,Die Suppe ist im Topf.,,,,,,,,,7941,,
A1,a1-05,Möbel & Haushalt,a1-m2,Wohnen,wohnen,pfanne,Pfanne,noun,die,Pfannen,pan,Brate das Ei in der Pfanne.,,,,,,,,,11591,,
A1,a1-05,Möbel & Haushalt,a1-m2,Wohnen,wohnen,teller,Teller,noun,der,Teller,plate,Stell bitte vier Teller auf den Tisch.,,,,,,,,,3595,,
A1,a1-05,Möbel & Haushalt,a1-m2,Wohnen,wohnen,glas,Glas,noun,das,Gläser,glass,Ich trinke ein Glas Wasser.,,,,,,,,,1389,,
A1,a1-05,Möbel & Haushalt,a1-m2,Wohnen,wohnen,tasse,Tasse,noun,die,Tassen,cup,Möchtest du eine Tasse Tee?,,,,,,,,,3059,,
A1,a1-05,Möbel & Haushalt,a1-m2,Wohnen,wohnen,messer,Messer,noun,das,Messer,knife,Das Messer ist nicht scharf.,,,,,,,,,1452,,
A1,a1-05,Möbel & Haushalt,a1-m2,Wohnen,wohnen,gabel,Gabel,noun,die,Gabeln,fork,Die Gabel liegt links vom Teller.,,,,,,,,,9483,,
A1,a1-05,Möbel & Haushalt,a1-m2,Wohnen,wohnen,loeffel,Löffel,noun,der,Löffel,spoon,Ich brauche einen Löffel für die Suppe.,,,,,,,,,6236,,
A1,a1-05,Möbel & Haushalt,a1-m2,Wohnen,wohnen,handtuch,Handtuch,noun,das,Handtücher,towel,Das Handtuch hängt im Bad.,,,,,,,,,5403,,
A1,a1-05,Möbel & Haushalt,a1-m2,Wohnen,wohnen,seife,Seife,noun,die,Seifen,soap,Die Seife riecht nach Zitrone.,,,,,,,,,6304,,
A1,a1-05,Möbel & Haushalt,a1-m2,Wohnen,wohnen,kochen,kochen,verb,,,to cook,Heute koche ich Nudeln.,kocht|kochte|gekocht,haben,,,,,,,2035,,
A1,a1-05,Möbel & Haushalt,a1-m2,Wohnen,wohnen,waschen,waschen,verb,,,to wash,Ich wasche die Wäsche am Sonntag.,wäscht|wusch|gewaschen,haben,,,,,,,2777,,
A1,a1-06,Essen & Trinken,a1-m3,Essen & Einkaufen,essen,brot,Brot,noun,das,Brote,bread,Deutsches Brot schmeckt mir gut.,,,,,,,,,2535,,
A1,a1-06,Essen & Trinken,a1-m3,Essen & Einkaufen,essen,broetchen,Brötchen,noun,das,Brötchen,bread roll,Ich hole am Morgen frische Brötchen.,,,,,,,,,8261,,
A1,a1-06,Essen & Trinken,a1-m3,Essen & Einkaufen,essen,butter,Butter,noun,die,,butter,Die Butter ist im Kühlschrank.,,,,,,,,,4847,,
A1,a1-06,Essen & Trinken,a1-m3,Essen & Einkaufen,essen,kaese,Käse,noun,der,Käse,cheese,Ich esse gern Käse zum Frühstück.,,,,,,,,,2961,,
A1,a1-06,Essen & Trinken,a1-m3,Essen & Einkaufen,essen,ei,Ei,noun,das,Eier,egg,Möchtest du ein Ei?,,,,,,,,,2892,,
A1,a1-06,Essen & Trinken,a1-m3,Essen & Einkaufen,essen,milch,Milch,noun,die,,milk,Wir brauchen noch Milch.,,,,,,,,,2028,,
A1,a1-06,Essen & Trinken,a1-m3,Essen & Einkaufen,essen,wasser,Wasser,noun,das,,water,"Ein Glas Wasser, bitte.",,,,,,,,,491,,
A1,a1-06,Essen & Trinken,a1-m3,Essen & Einkaufen,essen,kaffee,Kaffee,noun,der,Kaffees,coffee,Ich trinke morgens zwei Kaffee.,,,,,,,,,706,,
A1,a1-06,Essen & Trinken,a1-m3,Essen & Einkaufen,essen,tee,Tee,noun,der,Tees,tea,Möchten Sie Tee oder Kaffee?,,,,,,,,,1306,,
A1,a1-06,Essen & Trinken,a1-m3,Essen & Einkaufen,essen,saft,Saft,noun,der,Säfte,juice,Der Saft ist frisch gepresst.,,,,,,,,,4853,,
A1,a1-06,Essen & Trinken,a1-m3,Essen & Einkaufen,essen,bier,Bier,noun,das,Biere,beer,In Bayern trinkt man viel Bier.,,,,,,,,,1014,,
A1,a1-06,Essen & Trinken,a1-m3,Essen & Einkaufen,essen,wein,Wein,noun,der,Weine,wine,Der Wein kommt aus Italien.,,,,,,,,,1248,,
A1,a1-06,Essen & Trinken,a1-m3,Essen & Einkaufen,essen,fleisch,Fleisch,noun,das,,meat,Ich esse kein Fleisch.,,,,,,,,,1582,,
A1,a1-06,Essen & Trinken,a1-m3,Essen & Einkaufen,essen,fisch,Fisch,noun,der,Fische,fish,Freitags gibt es oft Fisch.,,,,,,,,,1863,,
A1,a1-06,Essen & Trinken,a1-m3,Essen & Einkaufen,essen,gemuese,Gemüse,noun,das,,vegetables,Gemüse ist gesund.,,,,,,,,,4861,,
A1,a1-06,Essen & Trinken,a1-m3,Essen & Einkaufen,essen,obst,Obst,noun,das,,fruit,Iss jeden Tag Obst!,,,,,,,,,7235,,
A1,a1-06,Essen & Trinken,a1-m3,Essen & Einkaufen,essen,apfel,Apfel,noun,der,Äpfel,apple,Der Apfel ist rot und süß.,,,,,,,,,5228,,
A1,a1-06,Essen & Trinken,a1-m3,Essen & Einkaufen,essen,banane,Banane,noun,die,Bananen,banana,Die Banane ist noch grün.,,,,,,,,,9786,,
A1,a1-06,Essen & Trinken,a1-m3,Essen & Einkaufen,essen,kartoffel,Kartoffel,noun,die,Kartoffeln,potato,Zum Fisch gibt es Kartoffeln.,,,,,,,,,14091,,
A1,a1-06,Essen & Trinken,a1-m3,Essen & Einkaufen,essen,reis,Reis,noun,der,,rice,Der Reis ist noch nicht fertig.,,,,,,,,,5129,,
A1,a1-06,Essen & Trinken,a1-m3,Essen & Einkaufen,essen,zucker,Zucker,noun,der,,sugar,Nimmst du Zucker in den Tee?,,,,,,,,,3048,,
A1,a1-06,Essen & Trinken,a1-m3,Essen & Einkaufen,essen,suppe,Suppe,noun,die,Suppen,soup,Die Suppe ist zu heiß.,,,,,,,,,3171,,
A1,a1-06,Essen & Trinken,a1-m3,Essen & Einkaufen,essen,salat,Salat,noun,der,Salate,"salad, lettuce",Ich nehme einen kleinen Salat.,,,,,,,,,4752,,
A1,a1-06,Essen & Trinken,a1-m3,Essen & Einkaufen,essen,essen,essen,verb,,,to eat,Wann essen wir?,isst|aß|gegessen,haben,,,,,,,266,,
A1,a1-06,Essen & Trinken,a1-m3,Essen & Einkaufen,essen,trinken,trinken,verb,,,to drink,Was möchtest du trinken?,trinkt|trank|getrunken,haben,,,,,,,585,,
A1,a1-07,Einkaufen & Preise,a1-m3,Essen & Einkaufen,einkaufen|geld,geld,Geld,noun,das,,money,Ich habe kein Geld dabei.,,,,,,,,,193,,
A1,a1-07,Einkaufen & Preise,a1-m3,Essen & Einkaufen,einkaufen|geld,euro,Euro,noun,der,Euro,euro,Das kostet zwölf Euro.,,,,,,,,,3526,,
A1,a1-07,Einkaufen & Preise,a1-m3,Essen & Einkaufen,einkaufen|geld,cent,Cent,noun,der,Cent,cent,Das Brötchen kostet fünfzig Cent.,,,,,,,,,2850,,
A1,a1-07,Einkaufen & Preise,a1-m3,Essen & Einkaufen,einkaufen|geld,preis,Preis,noun,der,Preise,price,Der Preis ist zu hoch.,,,,,,,,,1141,,
A1,a1-07,Einkaufen & Preise,a1-m3,Essen & Einkaufen,einkaufen|geld,kasse,Kasse,noun,die,Kassen,"checkout, till",Bitte zahlen Sie an der Kasse.,,,,,,,,,5006,,
A1,a1-07,Einkaufen & Preise,a1-m3,Essen & Einkaufen,einkaufen|geld,supermarkt,Supermarkt,noun,der,Supermärkte,supermarket,Der Supermarkt schließt um 20 Uhr.,,,,,,,,,6135,,
A1,a1-07,Einkaufen & Preise,a1-m3,Essen & Einkaufen,einkaufen|geld,markt,Markt,noun,der,Märkte,market,Samstags gehe ich auf den Markt.,,,,,,,,,3073,,
A1,a1-07,Einkaufen & Preise,a1-m3,Essen & Einkaufen,einkaufen|geld,geschaeft,Geschäft,noun,das,Geschäfte,"shop, business",Das Geschäft ist heute geschlossen.,,,,,,,,,878,,
A1,a1-07,Einkaufen & Preise,a1-m3,Essen & Einkaufen,einkaufen|geld,laden,Laden,noun,der,Läden,shop,An der Ecke gibt es einen kleinen Laden.,,,,,,,,,868,,
A1,a1-07,Einkaufen & Preise,a1-m3,Essen & Einkaufen,einkaufen|geld,baeckerei,Bäckerei,noun,die,Bäckereien,bakery,Die Bäckerei öffnet um sechs Uhr.,,,,,,,,,11355,,
A1,a1-07,Einkaufen & Preise,a1-m3,Essen & Einkaufen,einkaufen|geld,kunde,Kunde,noun,der,Kunden,customer,Der Kunde wartet an der Kasse.,,,,,,,,,3959,,
A1,a1-07,Einkaufen & Preise,a1-m3,Essen & Einkaufen,einkaufen|geld,verkaeufer,Verkäufer,noun,der,Verkäufer,salesperson,Der Verkäufer war sehr freundlich.,,,,,,,,,7435,,
A1,a1-07,Einkaufen & Preise,a1-m3,Essen & Einkaufen,einkaufen|geld,rechnung,Rechnung,noun,die,Rechnungen,"bill, invoice",Die Rechnung kommt per Post.,,,,,,,,,2275,,
A1,a1-07,Einkaufen & Preise,a1-m3,Essen & Einkaufen,einkaufen|geld,quittung,Quittung,noun,die,Quittungen,receipt,Brauchen Sie eine Quittung?,,,,,,,,,8970,,
A1,a1-07,Einkaufen & Preise,a1-m3,Essen & Einkaufen,einkaufen|geld,tuete,Tüte,noun,die,Tüten,bag,Möchten Sie eine Tüte?,,,,,,,,,5381,,
A1,a1-07,Einkaufen & Preise,a1-m3,Essen & Einkaufen,einkaufen|geld,angebot,Angebot,noun,das,Angebote,"offer, special",Heute ist Kaffee im Angebot.,,,,,,,,,1511,,
A1,a1-07,Einkaufen & Preise,a1-m3,Essen & Einkaufen,einkaufen|geld,liste,Liste,noun,die,Listen,list,Ich schreibe eine Liste für den Einkauf.,,,,,,,,,1144,,
A1,a1-07,Einkaufen & Preise,a1-m3,Essen & Einkaufen,einkaufen|geld,kaufen,kaufen,verb,,,to buy,Ich kaufe ein neues Handy.,kauft|kaufte|gekauft,haben,,,,,,,754,,
A1,a1-07,Einkaufen & Preise,a1-m3,Essen & Einkaufen,einkaufen|geld,bezahlen,bezahlen,verb,,,to pay,Kann ich mit Karte bezahlen?,bezahlt|bezahlte|bezahlt,haben,,,,,,,960,,
A1,a1-07,Einkaufen & Preise,a1-m3,Essen & Einkaufen,einkaufen|geld,kosten,kosten,verb,,,to cost,Was kostet das?,kostet|kostete|gekostet,haben,,,,,,,1698,,
A1,a1-07,Einkaufen & Preise,a1-m3,Essen & Einkaufen,einkaufen|geld,brauchen,brauchen,verb,,,to need,Wir brauchen noch Brot.,braucht|brauchte|gebraucht,haben,,,,,,,289,,
A1,a1-07,Einkaufen & Preise,a1-m3,Essen & Einkaufen,einkaufen|geld,suchen,suchen,verb,,,to look for,Ich suche eine Winterjacke.,sucht|suchte|gesucht,haben,,,,,,,446,,
A1,a1-07,Einkaufen & Preise,a1-m3,Essen & Einkaufen,einkaufen|geld,teuer,teuer,adj,,,expensive,Die Wohnung ist zu teuer.,,,,,,,teurer,am teuersten,2154,,
A1,a1-07,Einkaufen & Preise,a1-m3,Essen & Einkaufen,einkaufen|geld,billig,billig,adj,,,cheap,Die Schuhe waren sehr billig.,,,,,,,billiger,am billigsten,4577,,
A1,a1-07,Einkaufen & Preise,a1-m3,Essen & Einkaufen,einkaufen|geld,guenstig,günstig,adj,,,reasonably priced,Hier ist das Obst günstig.,,,,,,,günstiger,am günstigsten,8908,,
A1,a1-08,Kleidung & Farben,a1-m3,Essen & Einkaufen,kleidung,kleidung,Kleidung,noun,die,,clothing,Nimm warme Kleidung mit.,,,,,,,,,2528,,
A1,a1-08,Kleidung & Farben,a1-m3,Essen & Einkaufen,kleidung,hose,Hose,noun,die,Hosen,trousers,Die Hose ist mir zu lang.,,,,,,,,,1797,,
A1,a1-08,Kleidung & Farben,a1-m3,Essen & Einkaufen,kleidung,hemd,Hemd,noun,das,Hemden,shirt,Er trägt ein weißes Hemd.,,,,,,,,,2548,,
A1,a1-08,Kleidung & Farben,a1-m3,Essen & Einkaufen,kleidung,t-shirt,T-Shirt,noun,das,T-Shirts,T-shirt,Das T-Shirt kostet zehn Euro.,,,,,,,,,5929,,
A1,a1-08,Kleidung & Farben,a1-m3,Essen & Einkaufen,kleidung,pullover,Pullover,noun,der,Pullover,sweater,"Zieh einen Pullover an, es ist kalt.",,,,,,,,,8530,,
A1,a1-08,Kleidung & Farben,a1-m3,Essen & Einkaufen,kleidung,jacke,Jacke,noun,die,Jacken,jacket,Meine Jacke hängt im Flur.,,,,,,,,,2450,,
A1,a1-08,Kleidung & Farben,a1-m3,Essen & Einkaufen,kleidung,mantel,Mantel,noun,der,Mäntel,coat,Im Winter brauche ich einen dicken Mantel.,,,,,,,,,2690,,
A1,a1-08,Kleidung & Farben,a1-m3,Essen & Einkaufen,kleidung,kleid,Kleid,noun,das,Kleider,dress,Sie trägt ein blaues Kleid.,,,,,,,,,1395,,
A1,a1-08,Kleidung & Farben,a1-m3,Essen & Einkaufen,kleidung,rock,Rock,noun,der,Röcke,skirt,Der Rock ist zu kurz.,,,,,,,,,2493,,
A1,a1-08,Kleidung & Farben,a1-m3,Essen & Einkaufen,kleidung,schuh,Schuh,noun,der,Schuhe,shoe,Die Schuhe sind neu.,,,,,,,,,4183,,
A1,a1-08,Kleidung & Farben,a1-m3,Essen & Einkaufen,kleidung,socke,Socke,noun,die,Socken,sock,Wo ist meine zweite Socke?,,,,,,,,,11111,,
A1,a1-08,Kleidung & Farben,a1-m3,Essen & Einkaufen,kleidung,muetze,Mütze,noun,die,Mützen,"cap, woolly hat",Setz die Mütze auf!,,,,,,,,,5434,,
A1,a1-08,Kleidung & Farben,a1-m3,Essen & Einkaufen,kleidung,schal,Schal,noun,der,Schals,scarf,Der Schal ist aus Wolle.,,,,,,,,,7621,,
A1,a1-08,Kleidung & Farben,a1-m3,Essen & Einkaufen,kleidung,handschuh,Handschuh,noun,der,Handschuhe,glove,Ich habe meine Handschuhe verloren.,,,,,,,,,9623,,
A1,a1-08,Kleidung & Farben,a1-m3,Essen & Einkaufen,kleidung,groesse,Größe,noun,die,Größen,size,Haben Sie das in Größe 40?,,,,,,,,,2257,,
A1,a1-08,Kleidung & Farben,a1-m3,Essen & Einkaufen,kleidung,rot,rot,adj,,,red,Die Ampel ist rot.,,,,,,,,,1930,,
A1,a1-08,Kleidung & Farben,a1-m3,Essen & Einkaufen,kleidung,blau,blau,adj,,,blue,Der Himmel ist heute blau.,,,,,,,,,2566,,
A1,a1-08,Kleidung & Farben,a1-m3,Essen & Einkaufen,kleidung,gruen,grün,adj,,,green,Im Frühling wird alles grün.,,,,,,,,,2943,,
A1,a1-08,Kleidung & Farben,a1-m3,Essen & Einkaufen,kleidung,gelb,gelb,adj,,,yellow,Die Zitrone ist gelb.,,,,,,,,,5955,,
A1,a1-08,Kleidung & Farben,a1-m3,Essen & Einkaufen,kleidung,schwarz,schwarz,adj,,,black,Ich trinke Kaffee schwarz.,,,,,,,,,1912,,
A1,a1-08,Kleidung & Farben,a1-m3,Essen & Einkaufen,kleidung,weiss,weiß,adj,,,white,Der Schnee ist weiß.,,,,,,,,,70,,
A1,a1-08,Kleidung & Farben,a1-m3,Essen & Einkaufen,kleidung,braun,braun,adj,,,brown,Sie hat braune Augen.,,,,,,,,,6208,,
A1,a1-08,Kleidung & Farben,a1-m3,Essen & Einkaufen,kleidung,grau,grau,adj,,,grey,Heute ist der Himmel grau.,,,,,,,,,7631,,
A1,a1-08,Kleidung & Farben,a1-m3,Essen & Einkaufen,kleidung,anziehen,anziehen,verb,,,to put on (clothes),Zieh bitte die Jacke an.,zieht an|zog an|angezogen,haben,true,,,,,,2381,,
A1,a1-08,Kleidung & Farben,a1-m3,Essen & Einkaufen,kleidung,tragen,tragen,verb,,,"to wear, to carry",Er trägt immer eine Brille.,trägt|trug|getragen,haben,,,,,,,823,,
A1,a1-09,Körper & Befinden,a1-m4,Körper & Gesundheit,koerper,koerper,Körper,noun,der,Körper,body,Sport ist gut für den Körper.,,,,,,,,,792,,
A1,a1-09,Körper & Befinden,a1-m4,Körper & Gesundheit,koerper,kopf,Kopf,noun,der,Köpfe,head,Mein Kopf tut weh.,,,,,,,,,375,,
A1,a1-09,Körper & Befinden,a1-m4,Körper & Gesundheit,koerper,haar,Haar,noun,das,Haare,hair,Sie hat lange Haare.,,,,,,,,,1702,,
A1,a1-09,Körper & Befinden,a1-m4,Körper & Gesundheit,koerper,auge,Auge,noun,das,Augen,eye,Das Kind hat blaue Augen.,,,,,,,,,968,,
A1,a1-09,Körper & Befinden,a1-m4,Körper & Gesundheit,koerper,ohr,Ohr,noun,das,Ohren,ear,Mein linkes Ohr tut weh.,,,,,,,,,2247,,
A1,a1-09,Körper & Befinden,a1-m4,Körper & Gesundheit,koerper,nase,Nase,noun,die,Nasen,nose,Meine Nase ist verstopft.,,,,,,,,,1226,,
A1,a1-09,Körper & Befinden,a1-m4,Körper & Gesundheit,koerper,mund,Mund,noun,der,Münder,mouth,Mach bitte den Mund auf.,,,,,,,,,854,,
A1,a1-09,Körper & Befinden,a1-m4,Körper & Gesundheit,koerper,zahn,Zahn,noun,der,Zähne,tooth,Ein Zahn tut mir seit gestern weh.,,,,,,,,,4886,,
A1,a1-09,Körper & Befinden,a1-m4,Körper & Gesundheit,koerper,hals,Hals,noun,der,Hälse,"neck, throat",Ich habe Halsschmerzen im Hals.,,,,,,,,,1328,,
A1,a1-09,Körper & Befinden,a1-m4,Körper & Gesundheit,koerper,arm,Arm,noun,der,Arme,arm,Mein rechter Arm ist gebrochen.,,,,,,,,,1034,,
A1,a1-09,Körper & Befinden,a1-m4,Körper & Gesundheit,koerper,hand,Hand,noun,die,Hände,hand,Wasch dir bitte die Hände.,,,,,,,,,463,,
A1,a1-09,Körper & Befinden,a1-m4,Körper & Gesundheit,koerper,finger,Finger,noun,der,Finger,finger,Ich habe mir den Finger geschnitten.,,,,,,,,,1022,,
A1,a1-09,Körper & Befinden,a1-m4,Körper & Gesundheit,koerper,bein,Bein,noun,das,Beine,leg,Nach dem Sport tun mir die Beine weh.,,,,,,,,,1627,,
A1,a1-09,Körper & Befinden,a1-m4,Körper & Gesundheit,koerper,fuss,Fuß,noun,der,Füße,foot,Wir gehen zu Fuß.,,,,,,,,,1239,,
A1,a1-09,Körper & Befinden,a1-m4,Körper & Gesundheit,koerper,ruecken,Rücken,noun,der,Rücken,back,Mein Rücken tut oft weh.,,,,,,,,,1150,,
A1,a1-09,Körper & Befinden,a1-m4,Körper & Gesundheit,koerper,bauch,Bauch,noun,der,Bäuche,"belly, stomach",Mir tut der Bauch weh.,,,,,,,,,2384,,
A1,a1-09,Körper & Befinden,a1-m4,Körper & Gesundheit,koerper,herz,Herz,noun,das,Herzen,heart,Mein Herz schlägt schnell.,,,,,,,,,595,,
A1,a1-09,Körper & Befinden,a1-m4,Körper & Gesundheit,koerper,gesicht,Gesicht,noun,das,Gesichter,face,Sie hat ein freundliches Gesicht.,,,,,,,,,571,,
A1,a1-09,Körper & Befinden,a1-m4,Körper & Gesundheit,koerper,haut,Haut,noun,die,Häute,skin,Meine Haut ist sehr trocken.,,,,,,,,,1193,,
A1,a1-09,Körper & Befinden,a1-m4,Körper & Gesundheit,koerper,wehtun,wehtun,verb,,,to hurt,Wo tut es weh?,tut weh|tat weh|wehgetan,haben,true,,,,,,2407,,
A1,a1-09,Körper & Befinden,a1-m4,Körper & Gesundheit,koerper,schlafen,schlafen,verb,,,to sleep,Ich habe schlecht geschlafen.,schläft|schlief|geschlafen,haben,,,,,,,566,,
A1,a1-09,Körper & Befinden,a1-m4,Körper & Gesundheit,koerper,gesund,gesund,adj,,,healthy,Obst ist gesund.,,,,,,,gesünder,am gesündesten,1453,,
A1,a1-09,Körper & Befinden,a1-m4,Körper & Gesundheit,koerper,krank,krank,adj,,,"ill, sick",Mein Sohn ist krank.,,,,,,,kränker,am kränksten,724,,
A1,a1-09,Körper & Befinden,a1-m4,Körper & Gesundheit,koerper,gross,groß,adj,,,"big, tall",Mein Bruder ist sehr groß.,,,,,,,größer,am größten,721,,
A1,a1-09,Körper & Befinden,a1-m4,Körper & Gesundheit,koerper,klein,klein,adj,,,small,Die Wohnung ist klein.,,,,,,,kleiner,am kleinsten,1017,,
A1,a1-10,Beim Arzt,a1-m4,Körper & Gesundheit,gesundheit,arzt,Arzt,noun,der,Ärzte,doctor (male),Ich gehe morgen zum Arzt.,,,,,,,,,729,,
A1,a1-10,Beim Arzt,a1-m4,Körper & Gesundheit,gesundheit,aerztin,Ärztin,noun,die,Ärztinnen,doctor (female),Die Ärztin hat viel Zeit für mich.,,,,,,,,,3895,,
A1,a1-10,Beim Arzt,a1-m4,Körper & Gesundheit,gesundheit,zahnarzt,Zahnarzt,noun,der,Zahnärzte,dentist,Ich habe Angst vor dem Zahnarzt.,,,,,,,,,5780,,
A1,a1-10,Beim Arzt,a1-m4,Körper & Gesundheit,gesundheit,praxis,Praxis,noun,die,Praxen,doctor's practice,Die Praxis ist am Mittwoch geschlossen.,,,,,,,,,4662,,
A1,a1-10,Beim Arzt,a1-m4,Körper & Gesundheit,gesundheit,krankenhaus,Krankenhaus,noun,das,Krankenhäuser,hospital,Er liegt seit gestern im Krankenhaus.,,,,,,,,,811,,
A1,a1-10,Beim Arzt,a1-m4,Körper & Gesundheit,gesundheit,termin,Termin,noun,der,Termine,appointment,Ich habe um zehn Uhr einen Termin.,,,,,,,,,1935,,
A1,a1-10,Beim Arzt,a1-m4,Körper & Gesundheit,gesundheit,wartezimmer,Wartezimmer,noun,das,Wartezimmer,waiting room,Im Wartezimmer sitzen viele Leute.,,,,,,,,,17848,,
A1,a1-10,Beim Arzt,a1-m4,Körper & Gesundheit,gesundheit,krankenkasse,Krankenkasse,noun,die,Krankenkassen,health insurance fund,Welche Krankenkasse haben Sie?,,,,,,,,,34379,,
A1,a1-10,Beim Arzt,a1-m4,Körper & Gesundheit,gesundheit,medikament,Medikament,noun,das,Medikamente,"medicine, drug",Nehmen Sie das Medikament dreimal am Tag.,,,,,,,,,6936,,
A1,a1-10,Beim Arzt,a1-m4,Körper & Gesundheit,gesundheit,tablette,Tablette,noun,die,Tabletten,"tablet, pill",Ich nehme eine Tablette gegen Kopfschmerzen.,,,,,,,,,14139,,
A1,a1-10,Beim Arzt,a1-m4,Körper & Gesundheit,gesundheit,schmerz,Schmerz,noun,der,Schmerzen,pain,Ich habe Schmerzen im Rücken.,,,,,,,,,1499,,
A1,a1-10,Beim Arzt,a1-m4,Körper & Gesundheit,gesundheit,fieber,Fieber,noun,das,,fever,Das Kind hat hohes Fieber.,,,,,,,,,3237,,
A1,a1-10,Beim Arzt,a1-m4,Körper & Gesundheit,gesundheit,husten-noun,Husten,noun,der,,cough,Der Husten geht nicht weg.,,,,,,,,,5893,,
A1,a1-10,Beim Arzt,a1-m4,Körper & Gesundheit,gesundheit,schnupfen,Schnupfen,noun,der,,"runny nose, cold",Ich habe Schnupfen und Husten.,,,,,,,,,16134,,
A1,a1-10,Beim Arzt,a1-m4,Körper & Gesundheit,gesundheit,erkaeltung,Erkältung,noun,die,Erkältungen,cold (illness),Eine Erkältung dauert etwa eine Woche.,,,,,,,,,9394,,
A1,a1-10,Beim Arzt,a1-m4,Körper & Gesundheit,gesundheit,grippe,Grippe,noun,die,Grippen,flu,Bei Grippe muss man im Bett bleiben.,,,,,,,,,7746,,
A1,a1-10,Beim Arzt,a1-m4,Körper & Gesundheit,gesundheit,rezept,Rezept,noun,das,Rezepte,"prescription, recipe",Der Arzt schreibt mir ein Rezept.,,,,,,,,,4275,,
A1,a1-10,Beim Arzt,a1-m4,Körper & Gesundheit,gesundheit,unfall,Unfall,noun,der,Unfälle,accident,Auf der Straße gab es einen Unfall.,,,,,,,,,1092,,
A1,a1-10,Beim Arzt,a1-m4,Körper & Gesundheit,gesundheit,gesundheit,Gesundheit,noun,die,,health,Gesundheit ist das Wichtigste.,,,,,,,,,2967,,
A1,a1-10,Beim Arzt,a1-m4,Körper & Gesundheit,gesundheit,untersuchen,untersuchen,verb,,,to examine,Der Arzt untersucht mein Knie.,untersucht|untersuchte|untersucht,haben,,,,,,,2215,,
A1,a1-10,Beim Arzt,a1-m4,Körper & Gesundheit,gesundheit,helfen,helfen,verb,,,to help,Können Sie mir bitte helfen?,hilft|half|geholfen,haben,,,,dat,,,218,,
A1,a1-10,Beim Arzt,a1-m4,Körper & Gesundheit,gesundheit,warten,warten,verb,,,to wait,Ich warte auf den Arzt.,wartet|wartete|gewartet,haben,,,auf,akk,,,304,,
A1,a1-10,Beim Arzt,a1-m4,Körper & Gesundheit,gesundheit,anrufen,anrufen,verb,,,"to call, to phone",Ich rufe die Praxis an.,ruft an|rief an|angerufen,haben,true,,,,,,841,,
A1,a1-10,Beim Arzt,a1-m4,Körper & Gesundheit,gesundheit,schlimm,schlimm,adj,,,"bad, serious",So schlimm ist es nicht.,,,,,,,schlimmer,am schlimmsten,864,,
A1,a1-10,Beim Arzt,a1-m4,Körper & Gesundheit,gesundheit,verletzt,verletzt,adj,,,injured,Zum Glück ist niemand verletzt.,,,,,,,,,820,,
A1,a1-11,Tagesablauf,a1-m5,Alltag & Arbeit,zeit,tag,Tag,noun,der,Tage,day,Der Tag war sehr lang.,,,,,,,,,184,,
A1,a1-11,Tagesablauf,a1-m5,Alltag & Arbeit,zeit,morgen,Morgen,noun,der,Morgen,morning,Am Morgen trinke ich Kaffee.,,,,,,,,,176,,
A1,a1-11,Tagesablauf,a1-m5,Alltag & Arbeit,zeit,vormittag,Vormittag,noun,der,Vormittage,late morning,Am Vormittag habe ich Unterricht.,,,,,,,,,10823,,
A1,a1-11,Tagesablauf,a1-m5,Alltag & Arbeit,zeit,mittag,Mittag,noun,der,Mittage,midday,Um Mittag mache ich eine Pause.,,,,,,,,,2697,,
A1,a1-11,Tagesablauf,a1-m5,Alltag & Arbeit,zeit,nachmittag,Nachmittag,noun,der,Nachmittage,afternoon,Am Nachmittag gehe ich einkaufen.,,,,,,,,,1749,,
A1,a1-11,Tagesablauf,a1-m5,Alltag & Arbeit,zeit,abend,Abend,noun,der,Abende,evening,Guten Abend!,,,,,,,,,254,,
A1,a1-11,Tagesablauf,a1-m5,Alltag & Arbeit,zeit,nacht,Nacht,noun,die,Nächte,night,Gute Nacht!,,,,,,,,,219,,
A1,a1-11,Tagesablauf,a1-m5,Alltag & Arbeit,zeit,woche,Woche,noun,die,Wochen,week,Nächste Woche habe ich frei.,,,,,,,,,502,,
A1,a1-11,Tagesablauf,a1-m5,Alltag & Arbeit,zeit,wochenende,Wochenende,noun,das,Wochenenden,weekend,Schönes Wochenende!,,,,,,,,,1486,,
A1,a1-11,Tagesablauf,a1-m5,Alltag & Arbeit,zeit,fruehstueck,Frühstück,noun,das,Frühstücke,breakfast,Das Frühstück gibt es ab sieben Uhr.,,,,,,,,,1633,,
A1,a1-11,Tagesablauf,a1-m5,Alltag & Arbeit,zeit,mittagessen,Mittagessen,noun,das,Mittagessen,lunch,Was gibt es zum Mittagessen?,,,,,,,,,2490,,
A1,a1-11,Tagesablauf,a1-m5,Alltag & Arbeit,zeit,abendessen,Abendessen,noun,das,Abendessen,dinner,Wir essen um acht Uhr Abendessen.,,,,,,,,,1400,,
A1,a1-11,Tagesablauf,a1-m5,Alltag & Arbeit,zeit,pause,Pause,noun,die,Pausen,break,Wir machen jetzt eine kurze Pause.,,,,,,,,,1670,,
A1,a1-11,Tagesablauf,a1-m5,Alltag & Arbeit,zeit,aufstehen,aufstehen,verb,,,to get up,Ich stehe um sechs Uhr auf.,steht auf|stand auf|aufgestanden,sein,true,,,,,,2023,,
A1,a1-11,Tagesablauf,a1-m5,Alltag & Arbeit,zeit,aufwachen,aufwachen,verb,,,to wake up,Heute bin ich sehr früh aufgewacht.,wacht auf|wachte auf|aufgewacht,sein,true,,,,,,2962,,
A1,a1-11,Tagesablauf,a1-m5,Alltag & Arbeit,zeit,duschen,duschen,verb,,,to shower,Ich dusche jeden Morgen.,duscht|duschte|geduscht,haben,,,,,,,3902,,
A1,a1-11,Tagesablauf,a1-m5,Alltag & Arbeit,zeit,fruehstuecken,frühstücken,verb,,,to have breakfast,Wir frühstücken zusammen.,frühstückt|frühstückte|gefrühstückt,haben,,,,,,,6411,,
A1,a1-11,Tagesablauf,a1-m5,Alltag & Arbeit,zeit,anfangen,anfangen,verb,,,to begin,Der Kurs fängt um neun Uhr an.,fängt an|fing an|angefangen,haben,true,,,,,,933,,
A1,a1-11,Tagesablauf,a1-m5,Alltag & Arbeit,zeit,aufhoeren,aufhören,verb,,,to stop,Der Regen hört nicht auf.,hört auf|hörte auf|aufgehört,haben,true,,,,,,715,,
A1,a1-11,Tagesablauf,a1-m5,Alltag & Arbeit,zeit,gehen,gehen,verb,,,"to go, to walk",Ich gehe jetzt nach Hause.,geht|ging|gegangen,sein,,,,,,,106,,
A1,a1-11,Tagesablauf,a1-m5,Alltag & Arbeit,zeit,fahren,fahren,verb,,,"to drive, to travel",Ich fahre mit dem Bus zur Arbeit.,fährt|fuhr|gefahren,sein,,,,,,,372,,
A1,a1-11,Tagesablauf,a1-m5,Alltag & Arbeit,zeit,arbeiten,arbeiten,verb,,,to work,Sie arbeitet acht Stunden am Tag.,arbeitet|arbeitete|gearbeitet,haben,,,,,,,419,,
A1,a1-11,Tagesablauf,a1-m5,Alltag & Arbeit,zeit,einkaufen,einkaufen,verb,,,to shop,Am Samstag kaufe ich ein.,kauft ein|kaufte ein|eingekauft,haben,true,,,,,,3282,,
A1,a1-11,Tagesablauf,a1-m5,Alltag & Arbeit,zeit,fernsehen,fernsehen,verb,,,to watch TV,Abends sehe ich eine Stunde fern.,sieht fern|sah fern|ferngesehen,haben,true,,,,,,1504,,
A1,a1-11,Tagesablauf,a1-m5,Alltag & Arbeit,zeit,frueh,früh,adj,,,early,Morgen muss ich früh aufstehen.,,,,,,,früher,am frühesten,626,,
A1,a1-12,Arbeit & Berufe,a1-m5,Alltag & Arbeit,arbeit,arbeit,Arbeit,noun,die,Arbeiten,work,Die Arbeit macht mir Spaß.,,,,,,,,,296,,
A1,a1-12,Arbeit & Berufe,a1-m5,Alltag & Arbeit,arbeit,job,Job,noun,der,Jobs,job,Ich suche einen neuen Job.,,,,,,,,,451,,
A1,a1-12,Arbeit & Berufe,a1-m5,Alltag & Arbeit,arbeit,firma,Firma,noun,die,Firmen,company,Die Firma hat 200 Mitarbeiter.,,,,,,,,,1148,,
A1,a1-12,Arbeit & Berufe,a1-m5,Alltag & Arbeit,arbeit,buero,Büro,noun,das,Büros,office,Mein Büro ist im dritten Stock.,,,,,,,,,660,,
A1,a1-12,Arbeit & Berufe,a1-m5,Alltag & Arbeit,arbeit,chef,Chef,noun,der,Chefs,boss (male),Mein Chef ist heute nicht da.,,,,,,,,,1036,,
A1,a1-12,Arbeit & Berufe,a1-m5,Alltag & Arbeit,arbeit,chefin,Chefin,noun,die,Chefinnen,boss (female),Die Chefin kommt um neun.,,,,,,,,,6221,,
A1,a1-12,Arbeit & Berufe,a1-m5,Alltag & Arbeit,arbeit,kollege,Kollege,noun,der,Kollegen,colleague (male),Mein Kollege hilft mir oft.,,,,,,,,,3654,,
A1,a1-12,Arbeit & Berufe,a1-m5,Alltag & Arbeit,arbeit,kollegin,Kollegin,noun,die,Kolleginnen,colleague (female),Meine Kollegin ist im Urlaub.,,,,,,,,,6519,,
A1,a1-12,Arbeit & Berufe,a1-m5,Alltag & Arbeit,arbeit,lehrer,Lehrer,noun,der,Lehrer,teacher (male),Der Lehrer erklärt die Grammatik.,,,,,,,,,1745,,
A1,a1-12,Arbeit & Berufe,a1-m5,Alltag & Arbeit,arbeit,lehrerin,Lehrerin,noun,die,Lehrerinnen,teacher (female),Unsere Lehrerin kommt aus Wien.,,,,,,,,,3322,,
A1,a1-12,Arbeit & Berufe,a1-m5,Alltag & Arbeit,arbeit,koch,Koch,noun,der,Köche,"cook, chef",Mein Vater ist Koch.,,,,,,,,,3701,,
A1,a1-12,Arbeit & Berufe,a1-m5,Alltag & Arbeit,arbeit,kellner,Kellner,noun,der,Kellner,waiter,Der Kellner bringt die Karte.,,,,,,,,,5360,,
A1,a1-12,Arbeit & Berufe,a1-m5,Alltag & Arbeit,arbeit,fahrer,Fahrer,noun,der,Fahrer,driver,Der Fahrer wartet vor der Tür.,,,,,,,,,2183,,
A1,a1-12,Arbeit & Berufe,a1-m5,Alltag & Arbeit,arbeit,ingenieur,Ingenieur,noun,der,Ingenieure,engineer,Er arbeitet als Ingenieur.,,,,,,,,,6770,,
A1,a1-12,Arbeit & Berufe,a1-m5,Alltag & Arbeit,arbeit,polizist,Polizist,noun,der,Polizisten,police officer,Der Polizist kontrolliert die Papiere.,,,,,,,,,1614,,
A1,a1-12,Arbeit & Berufe,a1-m5,Alltag & Arbeit,arbeit,student,Student,noun,der,Studenten,student,Mein Bruder ist Student.,,,,,,,,,7517,,
A1,a1-12,Arbeit & Berufe,a1-m5,Alltag & Arbeit,arbeit,praktikum,Praktikum,noun,das,Praktika,internship,Ich mache ein Praktikum bei einer Firma.,,,,,,,,,11296,,
A1,a1-12,Arbeit & Berufe,a1-m5,Alltag & Arbeit,arbeit,gehalt,Gehalt,noun,das,Gehälter,salary,Das Gehalt kommt am Ende des Monats.,,,,,,,,,4997,,
A1,a1-12,Arbeit & Berufe,a1-m5,Alltag & Arbeit,arbeit,stelle,Stelle,noun,die,Stellen,"position, job",Die Stelle ist leider schon weg.,,,,,,,,,701,,
A1,a1-12,Arbeit & Berufe,a1-m5,Alltag & Arbeit,arbeit,feierabend,Feierabend,noun,der,Feierabende,end of the working day,Ich habe um fünf Uhr Feierabend.,,,,,,,,,5862,,
A1,a1-12,Arbeit & Berufe,a1-m5,Alltag & Arbeit,arbeit,urlaub,Urlaub,noun,der,Urlaube,"holiday, vacation",Im August habe ich Urlaub.,,,,,,,,,1735,,
A1,a1-12,Arbeit & Berufe,a1-m5,Alltag & Arbeit,arbeit,verdienen,verdienen,verb,,,to earn,Sie verdient gut.,verdient|verdiente|verdient,haben,,,,,,,1562,,
A1,a1-12,Arbeit & Berufe,a1-m5,Alltag & Arbeit,arbeit,machen,machen,verb,,,"to do, to make",Was machst du gerade?,macht|machte|gemacht,haben,,,,,,,97,,
A1,a1-12,Arbeit & Berufe,a1-m5,Alltag & Arbeit,arbeit,fleissig,fleißig,adj,,,hard-working,Er ist ein fleißiger Schüler.,,,,,,,fleißiger,am fleißigsten,7184,,
A1,a1-12,Arbeit & Berufe,a1-m5,Alltag & Arbeit,arbeit,nett,nett,adj,,,"nice, kind",Die Kollegen sind sehr nett.,,,,,,,netter,am nettesten,500,,
A1,a1-13,Schule & Lernen,a1-m5,Alltag & Arbeit,bildung,schule,Schule,noun,die,Schulen,school,Die Schule beginnt um acht Uhr.,,,,,,,,,559,,
A1,a1-13,Schule & Lernen,a1-m5,Alltag & Arbeit,bildung,klasse,Klasse,noun,die,Klassen,"class, year group",In meiner Klasse sind 20 Kinder.,,,,,,,,,815,,
A1,a1-13,Schule & Lernen,a1-m5,Alltag & Arbeit,bildung,kurs,Kurs,noun,der,Kurse,course,Der Kurs dauert drei Monate.,,,,,,,,,1886,,
A1,a1-13,Schule & Lernen,a1-m5,Alltag & Arbeit,bildung,unterricht,Unterricht,noun,der,,"lesson, teaching",Der Unterricht ist sehr interessant.,,,,,,,,,2944,,
A1,a1-13,Schule & Lernen,a1-m5,Alltag & Arbeit,bildung,aufgabe,Aufgabe,noun,die,Aufgaben,"task, exercise",Die Aufgabe war nicht schwer.,,,,,,,,,1414,,
A1,a1-13,Schule & Lernen,a1-m5,Alltag & Arbeit,bildung,uebung,Übung,noun,die,Übungen,"exercise, practice",Machen Sie bitte Übung drei.,,,,,,,,,3809,,
A1,a1-13,Schule & Lernen,a1-m5,Alltag & Arbeit,bildung,pruefung,Prüfung,noun,die,Prüfungen,exam,Die Prüfung ist am Freitag.,,,,,,,,,3706,,
A1,a1-13,Schule & Lernen,a1-m5,Alltag & Arbeit,bildung,test,Test,noun,der,Tests,test,Der Test hat 30 Fragen.,,,,,,,,,1961,,
A1,a1-13,Schule & Lernen,a1-m5,Alltag & Arbeit,bildung,note,Note,noun,die,Noten,"grade, mark",Ich habe eine gute Note bekommen.,,,,,,,,,8129,,
A1,a1-13,Schule & Lernen,a1-m5,Alltag & Arbeit,bildung,buch,Buch,noun,das,Bücher,book,Das Buch liegt auf dem Tisch.,,,,,,,,,723,,
A1,a1-13,Schule & Lernen,a1-m5,Alltag & Arbeit,bildung,heft,Heft,noun,das,Hefte,exercise book,Schreiben Sie das ins Heft.,,,,,,,,,12764,,
A1,a1-13,Schule & Lernen,a1-m5,Alltag & Arbeit,bildung,stift,Stift,noun,der,Stifte,pen,Hast du einen Stift für mich?,,,,,,,,,4164,,
A1,a1-13,Schule & Lernen,a1-m5,Alltag & Arbeit,bildung,bleistift,Bleistift,noun,der,Bleistifte,pencil,Schreib bitte mit Bleistift.,,,,,,,,,12388,,
A1,a1-13,Schule & Lernen,a1-m5,Alltag & Arbeit,bildung,papier,Papier,noun,das,Papiere,paper,Ich brauche ein Blatt Papier.,,,,,,,,,2647,,
A1,a1-13,Schule & Lernen,a1-m5,Alltag & Arbeit,bildung,tafel,Tafel,noun,die,Tafeln,blackboard,Das Wort steht an der Tafel.,,,,,,,,,6009,,
A1,a1-13,Schule & Lernen,a1-m5,Alltag & Arbeit,bildung,wort,Wort,noun,das,Wörter,word,Dieses Wort kenne ich nicht.,,,,,,,,,561,,
A1,a1-13,Schule & Lernen,a1-m5,Alltag & Arbeit,bildung,satz,Satz,noun,der,Sätze,sentence,Bilden Sie einen Satz mit diesem Verb.,,,,,,,,,3546,,
A1,a1-13,Schule & Lernen,a1-m5,Alltag & Arbeit,bildung,frage,Frage,noun,die,Fragen,question,Ich habe eine Frage.,,,,,,,,,356,,
A1,a1-13,Schule & Lernen,a1-m5,Alltag & Arbeit,bildung,antwort,Antwort,noun,die,Antworten,answer,Die Antwort ist richtig.,,,,,,,,,942,,
A1,a1-13,Schule & Lernen,a1-m5,Alltag & Arbeit,bildung,beispiel,Beispiel,noun,das,Beispiele,example,Können Sie ein Beispiel geben?,,,,,,,,,1095,,
A1,a1-13,Schule & Lernen,a1-m5,Alltag & Arbeit,bildung,universitaet,Universität,noun,die,Universitäten,university,Sie studiert an der Universität München.,,,,,,,,,3698,,
A1,a1-13,Schule & Lernen,a1-m5,Alltag & Arbeit,bildung,lernen,lernen,verb,,,to learn,Ich lerne seit einem Jahr Deutsch.,lernt|lernte|gelernt,haben,,,,,,,689,,
A1,a1-13,Schule & Lernen,a1-m5,Alltag & Arbeit,bildung,lesen,lesen,verb,,,to read,Lies bitte den Text laut.,liest|las|gelesen,haben,,,,,,,873,,
A1,a1-13,Schule & Lernen,a1-m5,Alltag & Arbeit,bildung,schreiben,schreiben,verb,,,to write,Schreiben Sie Ihren Namen hier.,schreibt|schrieb|geschrieben,haben,,,,,,,797,,
A1,a1-13,Schule & Lernen,a1-m5,Alltag & Arbeit,bildung,verstehen,verstehen,verb,,,to understand,Ich verstehe die Frage nicht.,versteht|verstand|verstanden,haben,,,,,,,455,,
A1,a1-14,Freizeit & Hobbys,a1-m5,Alltag & Arbeit,freizeit,freizeit,Freizeit,noun,die,,free time,In meiner Freizeit koche ich gern.,,,,,,,,,7185,,
A1,a1-14,Freizeit & Hobbys,a1-m5,Alltag & Arbeit,freizeit,hobby,Hobby,noun,das,Hobbys,hobby,Mein Hobby ist Fotografieren.,,,,,,,,,6515,,
A1,a1-14,Freizeit & Hobbys,a1-m5,Alltag & Arbeit,freizeit,sport,Sport,noun,der,,sport,Ich mache dreimal pro Woche Sport.,,,,,,,,,3251,,
A1,a1-14,Freizeit & Hobbys,a1-m5,Alltag & Arbeit,freizeit,fussball,Fußball,noun,der,Fußbälle,football,Am Sonntag spielen wir Fußball.,,,,,,,,,4872,,
A1,a1-14,Freizeit & Hobbys,a1-m5,Alltag & Arbeit,freizeit,musik,Musik,noun,die,,music,Ich höre gern laute Musik.,,,,,,,,,295,,
A1,a1-14,Freizeit & Hobbys,a1-m5,Alltag & Arbeit,freizeit,film,Film,noun,der,Filme,"film, movie",Der Film dauert zwei Stunden.,,,,,,,,,674,,
A1,a1-14,Freizeit & Hobbys,a1-m5,Alltag & Arbeit,freizeit,kino,Kino,noun,das,Kinos,cinema,Gehen wir heute ins Kino?,,,,,,,,,2305,,
A1,a1-14,Freizeit & Hobbys,a1-m5,Alltag & Arbeit,freizeit,konzert,Konzert,noun,das,Konzerte,concert,Das Konzert war fantastisch.,,,,,,,,,3762,,
A1,a1-14,Freizeit & Hobbys,a1-m5,Alltag & Arbeit,freizeit,party,Party,noun,die,Partys,party,Am Samstag ist eine Party bei Tom.,,,,,,,,,743,,
A1,a1-14,Freizeit & Hobbys,a1-m5,Alltag & Arbeit,freizeit,spiel,Spiel,noun,das,Spiele,game,Das Spiel beginnt um halb vier.,,,,,,,,,538,,
A1,a1-14,Freizeit & Hobbys,a1-m5,Alltag & Arbeit,freizeit,karte,Karte,noun,die,Karten,"card, ticket, map",Ich habe zwei Karten fürs Konzert.,,,,,,,,,1208,,
A1,a1-14,Freizeit & Hobbys,a1-m5,Alltag & Arbeit,freizeit,fahrrad,Fahrrad,noun,das,Fahrräder,bicycle,Mein Fahrrad ist kaputt.,,,,,,,,,3640,,
A1,a1-14,Freizeit & Hobbys,a1-m5,Alltag & Arbeit,freizeit,schwimmbad,Schwimmbad,noun,das,Schwimmbäder,swimming pool,Im Sommer gehen wir oft ins Schwimmbad.,,,,,,,,,15433,,
A1,a1-14,Freizeit & Hobbys,a1-m5,Alltag & Arbeit,freizeit,park,Park,noun,der,Parks,park,Der Park ist gleich um die Ecke.,,,,,,,,,1574,,
A1,a1-14,Freizeit & Hobbys,a1-m5,Alltag & Arbeit,freizeit,caf,Café,noun,das,Cafés,café,Wir treffen uns im Café.,,,,,,,,,4470,,
A1,a1-14,Freizeit & Hobbys,a1-m5,Alltag & Arbeit,freizeit,restaurant,Restaurant,noun,das,Restaurants,restaurant,Das Restaurant hat auch am Sonntag offen.,,,,,,,,,1810,,
A1,a1-14,Freizeit & Hobbys,a1-m5,Alltag & Arbeit,freizeit,zeitung,Zeitung,noun,die,Zeitungen,newspaper,Mein Opa liest jeden Tag die Zeitung.,,,,,,,,,1587,,
A1,a1-14,Freizeit & Hobbys,a1-m5,Alltag & Arbeit,freizeit,foto,Foto,noun,das,Fotos,photo,Darf ich ein Foto machen?,,,,,,,,,1064,,
A1,a1-14,Freizeit & Hobbys,a1-m5,Alltag & Arbeit,freizeit,spielen,spielen,verb,,,to play,Die Kinder spielen im Garten.,spielt|spielte|gespielt,haben,,,,,,,456,,
A1,a1-14,Freizeit & Hobbys,a1-m5,Alltag & Arbeit,freizeit,schwimmen,schwimmen,verb,,,to swim,Ich schwimme jeden Dienstag.,schwimmt|schwamm|geschwommen,sein,,,,,,,2231,,
A1,a1-14,Freizeit & Hobbys,a1-m5,Alltag & Arbeit,freizeit,tanzen,tanzen,verb,,,to dance,Wir haben die ganze Nacht getanzt.,tanzt|tanzte|getanzt,haben,,,,,,,1043,,
A1,a1-14,Freizeit & Hobbys,a1-m5,Alltag & Arbeit,freizeit,singen,singen,verb,,,to sing,Sie singt in einem Chor.,singt|sang|gesungen,haben,,,,,,,1228,,
A1,a1-14,Freizeit & Hobbys,a1-m5,Alltag & Arbeit,freizeit,malen,malen,verb,,,"to paint, to draw",Mein Sohn malt gern Tiere.,malt|malte|gemalt,haben,,,,,,,4299,,
A1,a1-14,Freizeit & Hobbys,a1-m5,Alltag & Arbeit,freizeit,wandern,wandern,verb,,,to hike,Im Sommer wandern wir in den Bergen.,wandert|wanderte|gewandert,sein,,,,,,,6215,,
A1,a1-14,Freizeit & Hobbys,a1-m5,Alltag & Arbeit,freizeit,treffen,treffen,verb,,,to meet,Ich treffe mich mit meiner Freundin.,trifft|traf|getroffen,haben,,true,mit,dat,,,415,,
A1,a1-15,Stadt & Orte,a1-m6,Unterwegs,stadt,zentrum,Zentrum,noun,das,Zentren,centre,Ich wohne im Zentrum.,,,,,,,,,4676,,
A1,a1-15,Stadt & Orte,a1-m6,Unterwegs,stadt,platz,Platz,noun,der,Plätze,"square, space, seat",Auf dem Platz ist ein Markt.,,,,,,,,,614,,
A1,a1-15,Stadt & Orte,a1-m6,Unterwegs,stadt,bank,Bank,noun,die,Banken,bank,Die Bank öffnet um neun Uhr.,,,,,,,,,1229,,
A1,a1-15,Stadt & Orte,a1-m6,Unterwegs,stadt,post,Post,noun,die,,"post office, mail",Ich gehe schnell zur Post.,,,,,,,,,2200,,
A1,a1-15,Stadt & Orte,a1-m6,Unterwegs,stadt,kirche,Kirche,noun,die,Kirchen,church,Die Kirche ist sehr alt.,,,,,,,,,1185,,
A1,a1-15,Stadt & Orte,a1-m6,Unterwegs,stadt,museum,Museum,noun,das,Museen,museum,Das Museum ist montags geschlossen.,,,,,,,,,3915,,
A1,a1-15,Stadt & Orte,a1-m6,Unterwegs,stadt,bibliothek,Bibliothek,noun,die,Bibliotheken,library,In der Bibliothek muss man leise sein.,,,,,,,,,3730,,
A1,a1-15,Stadt & Orte,a1-m6,Unterwegs,stadt,hotel,Hotel,noun,das,Hotels,hotel,Das Hotel liegt direkt am Bahnhof.,,,,,,,,,937,,
A1,a1-15,Stadt & Orte,a1-m6,Unterwegs,stadt,rathaus,Rathaus,noun,das,Rathäuser,town hall,Das Rathaus steht am Marktplatz.,,,,,,,,,8056,,
A1,a1-15,Stadt & Orte,a1-m6,Unterwegs,stadt,polizei,Polizei,noun,die,,police,Rufen Sie bitte die Polizei!,,,,,,,,,406,,
A1,a1-15,Stadt & Orte,a1-m6,Unterwegs,stadt,bahnhof,Bahnhof,noun,der,Bahnhöfe,train station,Wie komme ich zum Bahnhof?,,,,,,,,,3751,,
A1,a1-15,Stadt & Orte,a1-m6,Unterwegs,stadt,flughafen,Flughafen,noun,der,Flughäfen,airport,Der Flughafen ist weit weg.,,,,,,,,,2171,,
A1,a1-15,Stadt & Orte,a1-m6,Unterwegs,stadt,haltestelle,Haltestelle,noun,die,Haltestellen,stop (bus/tram),Die Haltestelle ist vor dem Haus.,,,,,,,,,17741,,
A1,a1-15,Stadt & Orte,a1-m6,Unterwegs,stadt,parkplatz,Parkplatz,noun,der,Parkplätze,parking space,Ich finde keinen Parkplatz.,,,,,,,,,4085,,
A1,a1-15,Stadt & Orte,a1-m6,Unterwegs,stadt,bruecke,Brücke,noun,die,Brücken,bridge,Gehen Sie über die Brücke.,,,,,,,,,1656,,
A1,a1-15,Stadt & Orte,a1-m6,Unterwegs,stadt,ecke,Ecke,noun,die,Ecken,corner,Die Bäckerei ist an der Ecke.,,,,,,,,,1655,,
A1,a1-15,Stadt & Orte,a1-m6,Unterwegs,stadt,weg,Weg,noun,der,Wege,"way, path",Der Weg zum Park ist kurz.,,,,,,,,,129,,
A1,a1-15,Stadt & Orte,a1-m6,Unterwegs,stadt,richtung,Richtung,noun,die,Richtungen,direction,Fahren Sie in Richtung Zentrum.,,,,,,,,,1117,,
A1,a1-15,Stadt & Orte,a1-m6,Unterwegs,stadt,plan,Plan,noun,der,Pläne,"plan, map",Hast du einen Plan von der Stadt?,,,,,,,,,637,,
A1,a1-15,Stadt & Orte,a1-m6,Unterwegs,stadt,dorf,Dorf,noun,das,Dörfer,village,Ich komme aus einem kleinen Dorf.,,,,,,,,,1531,,
A1,a1-15,Stadt & Orte,a1-m6,Unterwegs,stadt,gebaeude,Gebäude,noun,das,Gebäude,building,Das Gebäude dort ist neu.,,,,,,,,,1336,,
A1,a1-15,Stadt & Orte,a1-m6,Unterwegs,stadt,finden,finden,verb,,,to find,Ich finde die Straße nicht.,findet|fand|gefunden,haben,,,,,,,220,,
A1,a1-15,Stadt & Orte,a1-m6,Unterwegs,stadt,zeigen,zeigen,verb,,,to show,Können Sie mir das auf dem Plan zeigen?,zeigt|zeigte|gezeigt,haben,,,,,,,523,,
A1,a1-15,Stadt & Orte,a1-m6,Unterwegs,stadt,links,links,adv,,,"left, on the left",Gehen Sie an der Ampel links.,,,,,,,,,1177,,
A1,a1-15,Stadt & Orte,a1-m6,Unterwegs,stadt,rechts,rechts,adv,,,"right, on the right",Die Post ist rechts.,,,,,,,,,1286,,
A1,a1-16,Verkehr & Wege,a1-m6,Unterwegs,verkehr,auto,Auto,noun,das,Autos,car,Das Auto steht vor dem Haus.,,,,,,,,,402,,
A1,a1-16,Verkehr & Wege,a1-m6,Unterwegs,verkehr,bus,Bus,noun,der,Busse,bus,Der Bus kommt in fünf Minuten.,,,,,,,,,1605,,
A1,a1-16,Verkehr & Wege,a1-m6,Unterwegs,verkehr,zug,Zug,noun,der,Züge,train,Der Zug hat zehn Minuten Verspätung.,,,,,,,,,1072,,
A1,a1-16,Verkehr & Wege,a1-m6,Unterwegs,verkehr,bahn,Bahn,noun,die,Bahnen,"railway, train",Ich fahre mit der Bahn nach Köln.,,,,,,,,,4898,,
A1,a1-16,Verkehr & Wege,a1-m6,Unterwegs,verkehr,u-bahn,U-Bahn,noun,die,U-Bahnen,"underground, subway",Die U-Bahn fährt alle drei Minuten.,,,,,,,,,5752,,
A1,a1-16,Verkehr & Wege,a1-m6,Unterwegs,verkehr,s-bahn,S-Bahn,noun,die,S-Bahnen,city train,Nimm die S-Bahn zum Flughafen.,,,,,,,,,,,
A1,a1-16,Verkehr & Wege,a1-m6,Unterwegs,verkehr,strassenbahn,Straßenbahn,noun,die,Straßenbahnen,tram,Die Straßenbahn hält am Rathaus.,,,,,,,,,18862,,
A1,a1-16,Verkehr & Wege,a1-m6,Unterwegs,verkehr,taxi,Taxi,noun,das,Taxis,taxi,Wir nehmen ein Taxi.,,,,,,,,,1595,,
A1,a1-16,Verkehr & Wege,a1-m6,Unterwegs,verkehr,fahrkarte,Fahrkarte,noun,die,Fahrkarten,ticket,"Eine Fahrkarte nach Hamburg, bitte.",,,,,,,,,10762,,
A1,a1-16,Verkehr & Wege,a1-m6,Unterwegs,verkehr,ticket,Ticket,noun,das,Tickets,ticket,Das Ticket gilt zwei Stunden.,,,,,,,,,5085,,
A1,a1-16,Verkehr & Wege,a1-m6,Unterwegs,verkehr,fahrplan,Fahrplan,noun,der,Fahrpläne,timetable,Schau mal im Fahrplan nach.,,,,,,,,,27731,,
A1,a1-16,Verkehr & Wege,a1-m6,Unterwegs,verkehr,gleis,Gleis,noun,das,Gleise,"platform, track",Der Zug fährt von Gleis drei.,,,,,,,,,12153,,
A1,a1-16,Verkehr & Wege,a1-m6,Unterwegs,verkehr,ausgang,Ausgang,noun,der,Ausgänge,exit,Der Ausgang ist dort hinten.,,,,,,,,,4041,,
A1,a1-16,Verkehr & Wege,a1-m6,Unterwegs,verkehr,eingang,Eingang,noun,der,Eingänge,entrance,Wir treffen uns am Eingang.,,,,,,,,,4420,,
A1,a1-16,Verkehr & Wege,a1-m6,Unterwegs,verkehr,ampel,Ampel,noun,die,Ampeln,traffic light,An der Ampel musst du warten.,,,,,,,,,10301,,
A1,a1-16,Verkehr & Wege,a1-m6,Unterwegs,verkehr,verkehr,Verkehr,noun,der,,traffic,Am Morgen ist viel Verkehr.,,,,,,,,,4333,,
A1,a1-16,Verkehr & Wege,a1-m6,Unterwegs,verkehr,stau,Stau,noun,der,Staus,traffic jam,Wir stehen seit einer Stunde im Stau.,,,,,,,,,11191,,
A1,a1-16,Verkehr & Wege,a1-m6,Unterwegs,verkehr,benzin,Benzin,noun,das,,"petrol, gasoline",Das Benzin ist wieder teurer.,,,,,,,,,3469,,
A1,a1-16,Verkehr & Wege,a1-m6,Unterwegs,verkehr,motorrad,Motorrad,noun,das,Motorräder,motorbike,Mein Nachbar hat ein altes Motorrad.,,,,,,,,,4129,,
A1,a1-16,Verkehr & Wege,a1-m6,Unterwegs,verkehr,einsteigen,einsteigen,verb,,,"to get in, to board",Bitte hinten einsteigen!,steigt ein|stieg ein|eingestiegen,sein,true,,,,,,4248,,
A1,a1-16,Verkehr & Wege,a1-m6,Unterwegs,verkehr,aussteigen,aussteigen,verb,,,to get off,Wir steigen an der nächsten Haltestelle aus.,steigt aus|stieg aus|ausgestiegen,sein,true,,,,,,3406,,
A1,a1-16,Verkehr & Wege,a1-m6,Unterwegs,verkehr,umsteigen,umsteigen,verb,,,to change (trains),In Nürnberg müssen Sie umsteigen.,steigt um|stieg um|umgestiegen,sein,true,,,,,,23980,,
A1,a1-16,Verkehr & Wege,a1-m6,Unterwegs,verkehr,abfahren,abfahren,verb,,,to depart,Der Zug fährt um 8:15 Uhr ab.,fährt ab|fuhr ab|abgefahren,sein,true,,,,,,13636,,
A1,a1-16,Verkehr & Wege,a1-m6,Unterwegs,verkehr,ankommen,ankommen,verb,,,to arrive,Wann kommen wir in Berlin an?,kommt an|kam an|angekommen,sein,true,,,,,,4346,,
A1,a1-16,Verkehr & Wege,a1-m6,Unterwegs,verkehr,laufen,laufen,verb,,,"to run, to walk","Ich laufe lieber, als zu fahren.",läuft|lief|gelaufen,sein,,,,,,,695,,
A1,a1-17,Reisen & Urlaub,a1-m6,Unterwegs,reisen,reise,Reise,noun,die,Reisen,"journey, trip",Gute Reise!,,,,,,,,,1049,,
A1,a1-17,Reisen & Urlaub,a1-m6,Unterwegs,reisen,ferien,Ferien,noun,,,holidays (school),In den Ferien fahren wir ans Meer.,,,,,,,,,4046,,
A1,a1-17,Reisen & Urlaub,a1-m6,Unterwegs,reisen,koffer,Koffer,noun,der,Koffer,suitcase,Mein Koffer ist zu schwer.,,,,,,,,,1884,,
A1,a1-17,Reisen & Urlaub,a1-m6,Unterwegs,reisen,tasche,Tasche,noun,die,Taschen,bag,Die Tasche steht neben der Tür.,,,,,,,,,1127,,
A1,a1-17,Reisen & Urlaub,a1-m6,Unterwegs,reisen,pass,Pass,noun,der,Pässe,passport,Mein Pass ist noch zwei Jahre gültig.,,,,,,,,,648,,
A1,a1-17,Reisen & Urlaub,a1-m6,Unterwegs,reisen,ausweis,Ausweis,noun,der,Ausweise,ID card,Bitte zeigen Sie mir Ihren Ausweis.,,,,,,,,,3249,,
A1,a1-17,Reisen & Urlaub,a1-m6,Unterwegs,reisen,doppelzimmer,Doppelzimmer,noun,das,Doppelzimmer,double room,Wir möchten ein Doppelzimmer.,,,,,,,,,31469,,
A1,a1-17,Reisen & Urlaub,a1-m6,Unterwegs,reisen,einzelzimmer,Einzelzimmer,noun,das,Einzelzimmer,single room,Ein Einzelzimmer kostet 60 Euro.,,,,,,,,,24092,,
A1,a1-17,Reisen & Urlaub,a1-m6,Unterwegs,reisen,rezeption,Rezeption,noun,die,Rezeptionen,reception,Den Schlüssel bekommen Sie an der Rezeption.,,,,,,,,,11127,,
A1,a1-17,Reisen & Urlaub,a1-m6,Unterwegs,reisen,gepaeck,Gepäck,noun,das,,luggage,Wo kann ich mein Gepäck lassen?,,,,,,,,,3448,,
A1,a1-17,Reisen & Urlaub,a1-m6,Unterwegs,reisen,strand,Strand,noun,der,Strände,beach,Der Strand war fast leer.,,,,,,,,,1910,,
A1,a1-17,Reisen & Urlaub,a1-m6,Unterwegs,reisen,meer,Meer,noun,das,Meere,sea,Ich sehe zum ersten Mal das Meer.,,,,,,,,,1622,,
A1,a1-17,Reisen & Urlaub,a1-m6,Unterwegs,reisen,see,See,noun,der,Seen,lake,Der See ist im Winter zugefroren.,,,,,,,,,1597,,
A1,a1-17,Reisen & Urlaub,a1-m6,Unterwegs,reisen,berg,Berg,noun,der,Berge,mountain,Die Berge sind noch weiß.,,,,,,,,,2393,,
A1,a1-17,Reisen & Urlaub,a1-m6,Unterwegs,reisen,insel,Insel,noun,die,Inseln,island,Wir fahren mit dem Schiff auf die Insel.,,,,,,,,,1527,,
A1,a1-17,Reisen & Urlaub,a1-m6,Unterwegs,reisen,ausland,Ausland,noun,das,,abroad,Meine Familie lebt im Ausland.,,,,,,,,,4989,,
A1,a1-17,Reisen & Urlaub,a1-m6,Unterwegs,reisen,heimat,Heimat,noun,die,,"home, homeland",Ich vermisse meine Heimat.,,,,,,,,,2841,,
A1,a1-17,Reisen & Urlaub,a1-m6,Unterwegs,reisen,grenze,Grenze,noun,die,Grenzen,border,An der Grenze gab es keine Kontrolle.,,,,,,,,,2041,,
A1,a1-17,Reisen & Urlaub,a1-m6,Unterwegs,reisen,souvenir,Souvenir,noun,das,Souvenirs,souvenir,Ich kaufe ein kleines Souvenir.,,,,,,,,,13617,,
A1,a1-17,Reisen & Urlaub,a1-m6,Unterwegs,reisen,aussicht,Aussicht,noun,die,Aussichten,view,Von hier hat man eine tolle Aussicht.,,,,,,,,,4168,,
A1,a1-17,Reisen & Urlaub,a1-m6,Unterwegs,reisen,reisen,reisen,verb,,,to travel,Sie reist sehr gern allein.,reist|reiste|gereist,sein,,,,,,,1934,,
A1,a1-17,Reisen & Urlaub,a1-m6,Unterwegs,reisen,fliegen,fliegen,verb,,,to fly,Wir fliegen nach Istanbul.,fliegt|flog|geflogen,sein,,,,,,,881,,
A1,a1-17,Reisen & Urlaub,a1-m6,Unterwegs,reisen,buchen,buchen,verb,,,to book,Ich habe das Hotel online gebucht.,bucht|buchte|gebucht,haben,,,,,,,11276,,
A1,a1-17,Reisen & Urlaub,a1-m6,Unterwegs,reisen,packen,packen,verb,,,to pack,Hast du schon den Koffer gepackt?,packt|packte|gepackt,haben,,,,,,,2335,,
A1,a1-17,Reisen & Urlaub,a1-m6,Unterwegs,reisen,besuchen,besuchen,verb,,,to visit,Im Juli besuche ich meine Eltern.,besucht|besuchte|besucht,haben,,,,,,,1330,,
A1,a1-18,"Zahlen, Zeit & Datum",a1-m7,Welt & Zeit,zeit,uhr,Uhr,noun,die,Uhren,"clock, o'clock",Wie viel Uhr ist es?,,,,,,,,,368,,
A1,a1-18,"Zahlen, Zeit & Datum",a1-m7,Welt & Zeit,zeit,stunde,Stunde,noun,die,Stunden,hour,Der Film dauert zwei Stunden.,,,,,,,,,650,,
A1,a1-18,"Zahlen, Zeit & Datum",a1-m7,Welt & Zeit,zeit,minute,Minute,noun,die,Minuten,minute,Warte bitte eine Minute.,,,,,,,,,1070,,
A1,a1-18,"Zahlen, Zeit & Datum",a1-m7,Welt & Zeit,zeit,sekunde,Sekunde,noun,die,Sekunden,second,Eine Minute hat sechzig Sekunden.,,,,,,,,,1196,,
A1,a1-18,"Zahlen, Zeit & Datum",a1-m7,Welt & Zeit,zeit,monat,Monat,noun,der,Monate,month,Der nächste Monat ist Mai.,,,,,,,,,1027,,
A1,a1-18,"Zahlen, Zeit & Datum",a1-m7,Welt & Zeit,zeit,jahr,Jahr,noun,das,Jahre,year,Ich bin seit zwei Jahren hier.,,,,,,,,,465,,
A1,a1-18,"Zahlen, Zeit & Datum",a1-m7,Welt & Zeit,zeit,datum,Datum,noun,das,Daten,date,Welches Datum haben wir heute?,,,,,,,,,5267,,
A1,a1-18,"Zahlen, Zeit & Datum",a1-m7,Welt & Zeit,zeit,zeit,Zeit,noun,die,Zeiten,time,Ich habe leider keine Zeit.,,,,,,,,,137,,
A1,a1-18,"Zahlen, Zeit & Datum",a1-m7,Welt & Zeit,zeit,montag,Montag,noun,der,Montage,Monday,Am Montag beginnt der Kurs.,,,,,,,,,2417,,
A1,a1-18,"Zahlen, Zeit & Datum",a1-m7,Welt & Zeit,zeit,dienstag,Dienstag,noun,der,Dienstage,Tuesday,Dienstag habe ich einen Termin.,,,,,,,,,3159,,
A1,a1-18,"Zahlen, Zeit & Datum",a1-m7,Welt & Zeit,zeit,mittwoch,Mittwoch,noun,der,Mittwoche,Wednesday,Mittwochs gehe ich schwimmen.,,,,,,,,,4089,,
A1,a1-18,"Zahlen, Zeit & Datum",a1-m7,Welt & Zeit,zeit,donnerstag,Donnerstag,noun,der,Donnerstage,Thursday,Am Donnerstag kommt Besuch.,,,,,,,,,3240,,
A1,a1-18,"Zahlen, Zeit & Datum",a1-m7,Welt & Zeit,zeit,freitag,Freitag,noun,der,Freitage,Friday,Freitag ist mein letzter Arbeitstag.,,,,,,,,,2097,,
A1,a1-18,"Zahlen, Zeit & Datum",a1-m7,Welt & Zeit,zeit,samstag,Samstag,noun,der,Samstage,Saturday,Am Samstag schlafe ich lange.,,,,,,,,,2365,,
A1,a1-18,"Zahlen, Zeit & Datum",a1-m7,Welt & Zeit,zeit,sonntag,Sonntag,noun,der,Sonntage,Sunday,Sonntags sind die Geschäfte zu.,,,,,,,,,2267,,
A1,a1-18,"Zahlen, Zeit & Datum",a1-m7,Welt & Zeit,zeit,null,null,num,,,zero,Draußen sind null Grad.,,,,,,,,,2635,,
A1,a1-18,"Zahlen, Zeit & Datum",a1-m7,Welt & Zeit,zeit,zehn,zehn,num,,,ten,Ich komme in zehn Minuten.,,,,,,,,,646,,
A1,a1-18,"Zahlen, Zeit & Datum",a1-m7,Welt & Zeit,zeit,zwanzig,zwanzig,num,,,twenty,Das kostet zwanzig Euro.,,,,,,,,,5321,,
A1,a1-18,"Zahlen, Zeit & Datum",a1-m7,Welt & Zeit,zeit,hundert,hundert,num,,,hundred,Der Kurs hat über hundert Teilnehmer.,,,,,,,,,3151,,
A1,a1-18,"Zahlen, Zeit & Datum",a1-m7,Welt & Zeit,zeit,tausend,tausend,num,,,thousand,Die Stadt hat zehntausend Einwohner.,,,,,,,,,2709,,
A1,a1-18,"Zahlen, Zeit & Datum",a1-m7,Welt & Zeit,zeit,dauern,dauern,verb,,,"to last, to take",Wie lange dauert die Fahrt?,dauert|dauerte|gedauert,haben,,,,,,,1528,,
A1,a1-18,"Zahlen, Zeit & Datum",a1-m7,Welt & Zeit,zeit,beginnen,beginnen,verb,,,to begin,Der Unterricht beginnt gleich.,beginnt|begann|begonnen,haben,,,,,,,1410,,
A1,a1-18,"Zahlen, Zeit & Datum",a1-m7,Welt & Zeit,zeit,heute,heute,adv,,,today,Heute ist Donnerstag.,,,,,,,,,142,,
A1,a1-18,"Zahlen, Zeit & Datum",a1-m7,Welt & Zeit,zeit,morgen-adv,morgen,adv,,,tomorrow,Morgen habe ich frei.,,,,,,,,,176,,
A1,a1-18,"Zahlen, Zeit & Datum",a1-m7,Welt & Zeit,zeit,gestern,gestern,adv,,,yesterday,Gestern war ich beim Arzt.,,,,,,,,,475,,
A1,a1-19,Wetter & Jahreszeiten,a1-m7,Welt & Zeit,wetter,wetter,Wetter,noun,das,,weather,Wie ist das Wetter heute?,,,,,,,,,2508,,
A1,a1-19,Wetter & Jahreszeiten,a1-m7,Welt & Zeit,wetter,sonne,Sonne,noun,die,Sonnen,sun,Die Sonne scheint den ganzen Tag.,,,,,,,,,1218,,
A1,a1-19,Wetter & Jahreszeiten,a1-m7,Welt & Zeit,wetter,regen,Regen,noun,der,,rain,Bei Regen bleibe ich zu Hause.,,,,,,,,,2163,,
A1,a1-19,Wetter & Jahreszeiten,a1-m7,Welt & Zeit,wetter,schnee,Schnee,noun,der,,snow,Im Januar liegt oft Schnee.,,,,,,,,,2822,,
A1,a1-19,Wetter & Jahreszeiten,a1-m7,Welt & Zeit,wetter,wind,Wind,noun,der,Winde,wind,Heute geht ein kalter Wind.,,,,,,,,,1599,,
A1,a1-19,Wetter & Jahreszeiten,a1-m7,Welt & Zeit,wetter,wolke,Wolke,noun,die,Wolken,cloud,Am Himmel sind dunkle Wolken.,,,,,,,,,7397,,
A1,a1-19,Wetter & Jahreszeiten,a1-m7,Welt & Zeit,wetter,himmel,Himmel,noun,der,Himmel,sky,Der Himmel ist ganz blau.,,,,,,,,,772,,
A1,a1-19,Wetter & Jahreszeiten,a1-m7,Welt & Zeit,wetter,temperatur,Temperatur,noun,die,Temperaturen,temperature,Die Temperatur steigt auf 25 Grad.,,,,,,,,,5584,,
A1,a1-19,Wetter & Jahreszeiten,a1-m7,Welt & Zeit,wetter,grad,Grad,noun,der,Grade,degree,Es sind nur fünf Grad.,,,,,,,,,1686,,
A1,a1-19,Wetter & Jahreszeiten,a1-m7,Welt & Zeit,wetter,fruehling,Frühling,noun,der,Frühlinge,spring,Im Frühling blühen die Bäume.,,,,,,,,,4987,,
A1,a1-19,Wetter & Jahreszeiten,a1-m7,Welt & Zeit,wetter,sommer,Sommer,noun,der,Sommer,summer,Der Sommer war sehr heiß.,,,,,,,,,1781,,
A1,a1-19,Wetter & Jahreszeiten,a1-m7,Welt & Zeit,wetter,herbst,Herbst,noun,der,Herbste,autumn,Im Herbst regnet es viel.,,,,,,,,,5804,,
A1,a1-19,Wetter & Jahreszeiten,a1-m7,Welt & Zeit,wetter,winter,Winter,noun,der,Winter,winter,Der Winter dauert hier lange.,,,,,,,,,2556,,
A1,a1-19,Wetter & Jahreszeiten,a1-m7,Welt & Zeit,wetter,jahreszeit,Jahreszeit,noun,die,Jahreszeiten,season,Welche Jahreszeit magst du am liebsten?,,,,,,,,,8310,,
A1,a1-19,Wetter & Jahreszeiten,a1-m7,Welt & Zeit,wetter,gewitter,Gewitter,noun,das,Gewitter,thunderstorm,Am Abend kommt ein Gewitter.,,,,,,,,,9098,,
A1,a1-19,Wetter & Jahreszeiten,a1-m7,Welt & Zeit,wetter,nebel,Nebel,noun,der,Nebel,fog,Am Morgen war dichter Nebel.,,,,,,,,,4602,,
A1,a1-19,Wetter & Jahreszeiten,a1-m7,Welt & Zeit,wetter,regnen,regnen,verb,,,to rain,Es regnet seit gestern.,regnet|regnete|geregnet,haben,,,,,,,7999,,
A1,a1-19,Wetter & Jahreszeiten,a1-m7,Welt & Zeit,wetter,schneien,schneien,verb,,,to snow,Heute Nacht hat es geschneit.,schneit|schneite|geschneit,haben,,,,,,,21752,,
A1,a1-19,Wetter & Jahreszeiten,a1-m7,Welt & Zeit,wetter,scheinen,scheinen,verb,,,"to shine, to seem",Die Sonne scheint.,scheint|schien|geschienen,haben,,,,,,,1994,,
A1,a1-19,Wetter & Jahreszeiten,a1-m7,Welt & Zeit,wetter,warm,warm,adj,,,warm,Zieh dich warm an!,,,,,,,wärmer,am wärmsten,2074,,
A1,a1-19,Wetter & Jahreszeiten,a1-m7,Welt & Zeit,wetter,kalt,kalt,adj,,,cold,Mir ist kalt.,,,,,,,kälter,am kältesten,1065,,
A1,a1-19,Wetter & Jahreszeiten,a1-m7,Welt & Zeit,wetter,heiss,heiß,adj,,,hot,Der Kaffee ist noch zu heiß.,,,,,,,heißer,am heißesten,1063,,
A1,a1-19,Wetter & Jahreszeiten,a1-m7,Welt & Zeit,wetter,kuehl,kühl,adj,,,cool,Abends wird es kühl.,,,,,,,kühler,am kühlsten,7958,,
A1,a1-19,Wetter & Jahreszeiten,a1-m7,Welt & Zeit,wetter,sonnig,sonnig,adj,,,sunny,Morgen wird es sonnig.,,,,,,,sonniger,am sonnigsten,22289,,
A1,a1-19,Wetter & Jahreszeiten,a1-m7,Welt & Zeit,wetter,nass,nass,adj,,,wet,Meine Schuhe sind ganz nass.,,,,,,,nasser,am nassesten,3550,,
A1,a1-20,Tiere & Natur,a1-m7,Welt & Zeit,natur,tier,Tier,noun,das,Tiere,animal,In diesem Haus sind Tiere verboten.,,,,,,,,,1721,,
A1,a1-20,Tiere & Natur,a1-m7,Welt & Zeit,natur,hund,Hund,noun,der,Hunde,dog,Der Hund bellt die ganze Nacht.,,,,,,,,,676,,
A1,a1-20,Tiere & Natur,a1-m7,Welt & Zeit,natur,katze,Katze,noun,die,Katzen,cat,Die Katze schläft auf dem Sofa.,,,,,,,,,1772,,
A1,a1-20,Tiere & Natur,a1-m7,Welt & Zeit,natur,vogel,Vogel,noun,der,Vögel,bird,Ein Vogel sitzt auf dem Dach.,,,,,,,,,1908,,
A1,a1-20,Tiere & Natur,a1-m7,Welt & Zeit,natur,pferd,Pferd,noun,das,Pferde,horse,Meine Tochter reitet gern Pferde.,,,,,,,,,1165,,
A1,a1-20,Tiere & Natur,a1-m7,Welt & Zeit,natur,kuh,Kuh,noun,die,Kühe,cow,Auf der Wiese stehen zehn Kühe.,,,,,,,,,2657,,
A1,a1-20,Tiere & Natur,a1-m7,Welt & Zeit,natur,schwein,Schwein,noun,das,Schweine,pig,Ich esse kein Schwein.,,,,,,,,,1437,,
A1,a1-20,Tiere & Natur,a1-m7,Welt & Zeit,natur,maus,Maus,noun,die,Mäuse,mouse,Im Keller war eine Maus.,,,,,,,,,4491,,
A1,a1-20,Tiere & Natur,a1-m7,Welt & Zeit,natur,baum,Baum,noun,der,Bäume,tree,Vor dem Haus steht ein alter Baum.,,,,,,,,,1741,,
A1,a1-20,Tiere & Natur,a1-m7,Welt & Zeit,natur,blume,Blume,noun,die,Blumen,flower,Ich bringe ihr Blumen mit.,,,,,,,,,4646,,
A1,a1-20,Tiere & Natur,a1-m7,Welt & Zeit,natur,gras,Gras,noun,das,Gräser,grass,Das Gras ist noch nass.,,,,,,,,,2529,,
A1,a1-20,Tiere & Natur,a1-m7,Welt & Zeit,natur,wald,Wald,noun,der,Wälder,forest,Wir gehen im Wald spazieren.,,,,,,,,,1383,,
A1,a1-20,Tiere & Natur,a1-m7,Welt & Zeit,natur,fluss,Fluss,noun,der,Flüsse,river,Der Fluss fließt durch die Stadt.,,,,,,,,,1954,,
A1,a1-20,Tiere & Natur,a1-m7,Welt & Zeit,natur,wiese,Wiese,noun,die,Wiesen,meadow,Die Kinder spielen auf der Wiese.,,,,,,,,,11171,,
A1,a1-20,Tiere & Natur,a1-m7,Welt & Zeit,natur,natur,Natur,noun,die,,nature,Ich bin gern in der Natur.,,,,,,,,,1813,,
A1,a1-20,Tiere & Natur,a1-m7,Welt & Zeit,natur,luft,Luft,noun,die,Lüfte,air,Die Luft ist hier sehr sauber.,,,,,,,,,707,,
A1,a1-20,Tiere & Natur,a1-m7,Welt & Zeit,natur,erde,Erde,noun,die,,"earth, soil",Die Erde im Topf ist trocken.,,,,,,,,,783,,
A1,a1-20,Tiere & Natur,a1-m7,Welt & Zeit,natur,feld,Feld,noun,das,Felder,field,Hinter dem Dorf liegen die Felder.,,,,,,,,,2767,,
A1,a1-20,Tiere & Natur,a1-m7,Welt & Zeit,natur,stein,Stein,noun,der,Steine,stone,Ein Stein liegt auf dem Weg.,,,,,,,,,1795,,
A1,a1-20,Tiere & Natur,a1-m7,Welt & Zeit,natur,blatt,Blatt,noun,das,Blätter,"leaf, sheet",Im Herbst fallen die Blätter.,,,,,,,,,4946,,
A1,a1-20,Tiere & Natur,a1-m7,Welt & Zeit,natur,wachsen,wachsen,verb,,,to grow,Die Kinder wachsen so schnell.,wächst|wuchs|gewachsen,sein,,,,,,,2919,,
A1,a1-20,Tiere & Natur,a1-m7,Welt & Zeit,natur,fuettern,füttern,verb,,,to feed,Wir füttern die Vögel im Winter.,füttert|fütterte|gefüttert,haben,,,,,,,4876,,
A1,a1-20,Tiere & Natur,a1-m7,Welt & Zeit,natur,schoen,schön,adj,,,"beautiful, nice",Was für ein schöner Tag!,,,,,,,schöner,am schönsten,179,,
A1,a1-20,Tiere & Natur,a1-m7,Welt & Zeit,natur,sauber,sauber,adj,,,clean,Die Küche ist jetzt sauber.,,,,,,,sauberer,am saubersten,1315,,
A1,a1-20,Tiere & Natur,a1-m7,Welt & Zeit,natur,wild,wild,adj,,,wild,Im Wald leben wilde Tiere.,,,,,,,wilder,am wildesten,2453,,
A1,a1-21,Verben des Alltags I,a1-m8,Sprachbausteine,sprache,sagen,sagen,verb,,,to say,Was hast du gesagt?,sagt|sagte|gesagt,haben,,,,,,,96,,
A1,a1-21,Verben des Alltags I,a1-m8,Sprachbausteine,sprache,sehen,sehen,verb,,,to see,Ich sehe dich morgen.,sieht|sah|gesehen,haben,,,,,,,107,,
A1,a1-21,Verben des Alltags I,a1-m8,Sprachbausteine,sprache,hoeren,hören,verb,,,"to hear, to listen",Ich höre gern Radio.,hört|hörte|gehört,haben,,,,,,,242,,
A1,a1-21,Verben des Alltags I,a1-m8,Sprachbausteine,sprache,geben,geben,verb,,,to give,Gib mir bitte das Salz.,gibt|gab|gegeben,haben,,,,,,,233,,
A1,a1-21,Verben des Alltags I,a1-m8,Sprachbausteine,sprache,nehmen,nehmen,verb,,,to take,Ich nehme den Bus.,nimmt|nahm|genommen,haben,,,,,,,281,,
A1,a1-21,Verben des Alltags I,a1-m8,Sprachbausteine,sprache,bringen,bringen,verb,,,to bring,Bringst du mir einen Kaffee?,bringt|brachte|gebracht,haben,,,,,,,285,,
A1,a1-21,Verben des Alltags I,a1-m8,Sprachbausteine,sprache,holen,holen,verb,,,"to fetch, to get",Ich hole die Kinder ab.,holt|holte|geholt,haben,,,,,,,498,,
A1,a1-21,Verben des Alltags I,a1-m8,Sprachbausteine,sprache,legen,legen,verb,,,"to lay, to put down",Leg das Buch auf den Tisch.,legt|legte|gelegt,haben,,,,,,,1003,,
A1,a1-21,Verben des Alltags I,a1-m8,Sprachbausteine,sprache,stellen,stellen,verb,,,"to put, to place upright",Stell die Flasche in den Kühlschrank.,stellt|stellte|gestellt,haben,,,,,,,580,,
A1,a1-21,Verben des Alltags I,a1-m8,Sprachbausteine,sprache,setzen,setzen,verb,,,"to set, to sit down",Setzen Sie sich bitte.,setzt|setzte|gesetzt,haben,,true,,,,,627,,
A1,a1-21,Verben des Alltags I,a1-m8,Sprachbausteine,sprache,stehen,stehen,verb,,,to stand,Das Auto steht vor der Tür.,steht|stand|gestanden,haben,,,,,,,407,,
A1,a1-21,Verben des Alltags I,a1-m8,Sprachbausteine,sprache,sitzen,sitzen,verb,,,to sit,Wir sitzen im Garten.,sitzt|saß|gesessen,haben,,,,,,,781,,
A1,a1-21,Verben des Alltags I,a1-m8,Sprachbausteine,sprache,liegen,liegen,verb,,,"to lie, to be located",Das Dorf liegt am See.,liegt|lag|gelegen,haben,,,,,,,930,,
A1,a1-21,Verben des Alltags I,a1-m8,Sprachbausteine,sprache,oeffnen,öffnen,verb,,,to open,Bitte öffnen Sie das Fenster.,öffnet|öffnete|geöffnet,haben,,,,,,,1154,,
A1,a1-21,Verben des Alltags I,a1-m8,Sprachbausteine,sprache,schliessen,schließen,verb,,,to close,Die Bank schließt um 16 Uhr.,schließt|schloss|geschlossen,haben,,,,,,,1484,,
A1,a1-21,Verben des Alltags I,a1-m8,Sprachbausteine,sprache,bleiben,bleiben,verb,,,to stay,Ich bleibe heute zu Hause.,bleibt|blieb|geblieben,sein,,,,,,,268,,
A1,a1-21,Verben des Alltags I,a1-m8,Sprachbausteine,sprache,werden,werden,verb,,,to become,Es wird langsam dunkel.,wird|wurde|geworden,sein,,,,,,,78,,
A1,a1-21,Verben des Alltags I,a1-m8,Sprachbausteine,sprache,wissen,wissen,verb,,,to know (a fact),Ich weiß es nicht.,weiß|wusste|gewusst,haben,,,,,,,119,,
A1,a1-21,Verben des Alltags I,a1-m8,Sprachbausteine,sprache,denken,denken,verb,,,to think,Ich denke oft an zu Hause.,denkt|dachte|gedacht,haben,,,an,akk,,,344,,
A1,a1-21,Verben des Alltags I,a1-m8,Sprachbausteine,sprache,glauben,glauben,verb,,,to believe,"Ich glaube, das ist richtig.",glaubt|glaubte|geglaubt,haben,,,,,,,284,,
A1,a1-21,Verben des Alltags I,a1-m8,Sprachbausteine,sprache,fragen,fragen,verb,,,to ask,Frag doch den Lehrer!,fragt|fragte|gefragt,haben,,,,,,,299,,
A1,a1-21,Verben des Alltags I,a1-m8,Sprachbausteine,sprache,antworten,antworten,verb,,,to answer,Bitte antworten Sie auf die Frage.,antwortet|antwortete|geantwortet,haben,,,auf,akk,,,1280,,
A1,a1-21,Verben des Alltags I,a1-m8,Sprachbausteine,sprache,erklaeren,erklären,verb,,,to explain,Können Sie das noch einmal erklären?,erklärt|erklärte|erklärt,haben,,,,,,,744,,
A1,a1-21,Verben des Alltags I,a1-m8,Sprachbausteine,sprache,ueben,üben,verb,,,to practise,Ich übe jeden Tag zwanzig Minuten.,übt|übte|geübt,haben,,,,,,,3221,,
A1,a1-21,Verben des Alltags I,a1-m8,Sprachbausteine,sprache,wiederholen,wiederholen,verb,,,to repeat,Können Sie das bitte wiederholen?,wiederholt|wiederholte|wiederholt,haben,,,,,,,2975,,
A1,a1-22,Verben des Alltags II,a1-m8,Sprachbausteine,sprache,koennen,können,verb,,,"can, to be able to",Ich kann heute nicht kommen.,kann|konnte|gekonnt,haben,,,,,,,94,,
A1,a1-22,Verben des Alltags II,a1-m8,Sprachbausteine,sprache,muessen,müssen,verb,,,"must, to have to",Ich muss noch arbeiten.,muss|musste|gemusst,haben,,,,,,,121,,
A1,a1-22,Verben des Alltags II,a1-m8,Sprachbausteine,sprache,wollen,wollen,verb,,,to want,Wir wollen nach Italien fahren.,will|wollte|gewollt,haben,,,,,,,144,,
A1,a1-22,Verben des Alltags II,a1-m8,Sprachbausteine,sprache,sollen,sollen,verb,,,"should, to be supposed to",Soll ich dir helfen?,soll|sollte|gesollt,haben,,,,,,,253,,
A1,a1-22,Verben des Alltags II,a1-m8,Sprachbausteine,sprache,duerfen,dürfen,verb,,,"may, to be allowed to",Hier darf man nicht rauchen.,darf|durfte|gedurft,haben,,,,,,,630,,
A1,a1-22,Verben des Alltags II,a1-m8,Sprachbausteine,sprache,schicken,schicken,verb,,,to send,Ich schicke dir das Foto.,schickt|schickte|geschickt,haben,,,,,,,834,,
A1,a1-22,Verben des Alltags II,a1-m8,Sprachbausteine,sprache,bekommen,bekommen,verb,,,"to get, to receive",Ich habe deinen Brief bekommen.,bekommt|bekam|bekommen,haben,,,,,,,374,,
A1,a1-22,Verben des Alltags II,a1-m8,Sprachbausteine,sprache,verkaufen,verkaufen,verb,,,to sell,Wir verkaufen unser altes Auto.,verkauft|verkaufte|verkauft,haben,,,,,,,931,,
A1,a1-22,Verben des Alltags II,a1-m8,Sprachbausteine,sprache,benutzen,benutzen,verb,,,to use,Darf ich dein Handy benutzen?,benutzt|benutzte|benutzt,haben,,,,,,,1037,,
A1,a1-22,Verben des Alltags II,a1-m8,Sprachbausteine,sprache,versuchen,versuchen,verb,,,to try,Versuch es noch einmal!,versucht|versuchte|versucht,haben,,,,,,,476,,
A1,a1-22,Verben des Alltags II,a1-m8,Sprachbausteine,sprache,vergessen,vergessen,verb,,,to forget,Ich habe den Schlüssel vergessen.,vergisst|vergaß|vergessen,haben,,,,,,,355,,
A1,a1-22,Verben des Alltags II,a1-m8,Sprachbausteine,sprache,erinnern,erinnern,verb,,,"to remember, to remind",Ich erinnere mich an den Tag.,erinnert|erinnerte|erinnert,haben,,true,an,akk,,,697,,
A1,a1-22,Verben des Alltags II,a1-m8,Sprachbausteine,sprache,entscheiden,entscheiden,verb,,,to decide,Du musst selbst entscheiden.,entscheidet|entschied|entschieden,haben,,,,,,,1288,,
A1,a1-22,Verben des Alltags II,a1-m8,Sprachbausteine,sprache,aendern,ändern,verb,,,to change,Ich möchte den Termin ändern.,ändert|änderte|geändert,haben,,,,,,,821,,
A1,a1-22,Verben des Alltags II,a1-m8,Sprachbausteine,sprache,wechseln,wechseln,verb,,,"to change, to switch",Ich wechsle die Sprache auf Deutsch.,wechselt|wechselte|gewechselt,haben,,,,,,,2617,,
A1,a1-22,Verben des Alltags II,a1-m8,Sprachbausteine,sprache,aufmachen,aufmachen,verb,,,to open,Mach bitte das Fenster auf.,macht auf|machte auf|aufgemacht,haben,true,,,,,,2322,,
A1,a1-22,Verben des Alltags II,a1-m8,Sprachbausteine,sprache,zumachen,zumachen,verb,,,to close,Mach bitte die Tür zu.,macht zu|machte zu|zugemacht,haben,true,,,,,,8507,,
A1,a1-22,Verben des Alltags II,a1-m8,Sprachbausteine,sprache,mitbringen,mitbringen,verb,,,to bring along,Bring bitte Brot mit.,bringt mit|brachte mit|mitgebracht,haben,true,,,,,,3850,,
A1,a1-22,Verben des Alltags II,a1-m8,Sprachbausteine,sprache,abholen,abholen,verb,,,to pick up,Ich hole dich am Bahnhof ab.,holt ab|holte ab|abgeholt,haben,true,,,,,,1987,,
A1,a1-22,Verben des Alltags II,a1-m8,Sprachbausteine,sprache,anmachen,anmachen,verb,,,to switch on,Mach bitte das Licht an.,macht an|machte an|angemacht,haben,true,,,,,,9734,,
A1,a1-22,Verben des Alltags II,a1-m8,Sprachbausteine,sprache,ausmachen,ausmachen,verb,,,to switch off,Mach den Fernseher aus.,macht aus|machte aus|ausgemacht,haben,true,,,,,,4274,,
A1,a1-22,Verben des Alltags II,a1-m8,Sprachbausteine,sprache,zurueckkommen,zurückkommen,verb,,,to come back,Wann kommst du zurück?,kommt zurück|kam zurück|zurückgekommen,sein,true,,,,,,2208,,
A1,a1-22,Verben des Alltags II,a1-m8,Sprachbausteine,sprache,weggehen,weggehen,verb,,,"to leave, to go away",Er ist ohne ein Wort weggegangen.,geht weg|ging weg|weggegangen,sein,true,,,,,,3594,,
A1,a1-22,Verben des Alltags II,a1-m8,Sprachbausteine,sprache,verlieren,verlieren,verb,,,to lose,Ich habe meinen Ausweis verloren.,verliert|verlor|verloren,haben,,,,,,,703,,
A1,a1-22,Verben des Alltags II,a1-m8,Sprachbausteine,sprache,gewinnen,gewinnen,verb,,,to win,Unsere Mannschaft hat gewonnen.,gewinnt|gewann|gewonnen,haben,,,,,,,949,,
A1,a1-23,Adjektive: Gegensätze,a1-m8,Sprachbausteine,sprache,gut,gut,adj,,,good,Das Essen war sehr gut.,,,,,,,besser,am besten,52,,
A1,a1-23,Adjektive: Gegensätze,a1-m8,Sprachbausteine,sprache,schlecht,schlecht,adj,,,bad,Mir geht es heute schlecht.,,,,,,,schlechter,am schlechtesten,558,,
A1,a1-23,Adjektive: Gegensätze,a1-m8,Sprachbausteine,sprache,neu,neu,adj,,,new,Ich habe ein neues Handy.,,,,,,,neuer,am neuesten,959,,
A1,a1-23,Adjektive: Gegensätze,a1-m8,Sprachbausteine,sprache,lang,lang,adj,,,long,Der Weg ist sehr lang.,,,,,,,länger,am längsten,450,,
A1,a1-23,Adjektive: Gegensätze,a1-m8,Sprachbausteine,sprache,kurz,kurz,adj,,,short,Mach es bitte kurz.,,,,,,,kürzer,am kürzesten,442,,
A1,a1-23,Adjektive: Gegensätze,a1-m8,Sprachbausteine,sprache,schwer,schwer,adj,,,"heavy, difficult",Die Prüfung war schwer.,,,,,,,schwerer,am schwersten,486,,
A1,a1-23,Adjektive: Gegensätze,a1-m8,Sprachbausteine,sprache,leicht,leicht,adj,,,"light, easy",Diese Aufgabe ist leicht.,,,,,,,leichter,am leichtesten,750,,
A1,a1-23,Adjektive: Gegensätze,a1-m8,Sprachbausteine,sprache,schnell,schnell,adj,,,fast,Du sprichst zu schnell.,,,,,,,schneller,am schnellsten,273,,
A1,a1-23,Adjektive: Gegensätze,a1-m8,Sprachbausteine,sprache,langsam,langsam,adj,,,slow,Bitte sprechen Sie langsam.,,,,,,,langsamer,am langsamsten,654,,
A1,a1-23,Adjektive: Gegensätze,a1-m8,Sprachbausteine,sprache,richtig,richtig,adj,,,correct,Das ist die richtige Antwort.,,,,,,,richtiger,am richtigsten,239,,
A1,a1-23,Adjektive: Gegensätze,a1-m8,Sprachbausteine,sprache,falsch,falsch,adj,,,wrong,Die Nummer war falsch.,,,,,,,falscher,am falschesten,618,,
A1,a1-23,Adjektive: Gegensätze,a1-m8,Sprachbausteine,sprache,voll,voll,adj,,,full,Der Bus war ganz voll.,,,,,,,voller,am vollsten,673,,
A1,a1-23,Adjektive: Gegensätze,a1-m8,Sprachbausteine,sprache,leer,leer,adj,,,empty,Der Kühlschrank ist leer.,,,,,,,leerer,am leersten,1664,,
A1,a1-23,Adjektive: Gegensätze,a1-m8,Sprachbausteine,sprache,offen,offen,adj,,,open,Das Fenster ist noch offen.,,,,,,,offener,am offensten,1009,,
A1,a1-23,Adjektive: Gegensätze,a1-m8,Sprachbausteine,sprache,geschlossen,geschlossen,adj,,,closed,Die Praxis ist heute geschlossen.,,,,,,,,,1728,,
A1,a1-23,Adjektive: Gegensätze,a1-m8,Sprachbausteine,sprache,hell,hell,adj,,,"bright, light",Das Zimmer ist sehr hell.,,,,,,,heller,am hellsten,3980,,
A1,a1-23,Adjektive: Gegensätze,a1-m8,Sprachbausteine,sprache,dunkel,dunkel,adj,,,dark,Im Winter wird es früh dunkel.,,,,,,,dunkler,am dunkelsten,2100,,
A1,a1-23,Adjektive: Gegensätze,a1-m8,Sprachbausteine,sprache,laut,laut,adj,,,loud,Die Musik ist zu laut.,,,,,,,lauter,am lautesten,778,,
A1,a1-23,Adjektive: Gegensätze,a1-m8,Sprachbausteine,sprache,leise,leise,adj,,,quiet,Sprich bitte leise.,,,,,,,leiser,am leisesten,1547,,
A1,a1-23,Adjektive: Gegensätze,a1-m8,Sprachbausteine,sprache,weit,weit,adj,,,"far, wide",Ist es noch weit?,,,,,,,weiter,am weitesten,397,,
A1,a1-23,Adjektive: Gegensätze,a1-m8,Sprachbausteine,sprache,nah,nah,adj,,,near,Der Bahnhof ist ganz nah.,,,,,,,näher,am nächsten,1512,,
A1,a1-23,Adjektive: Gegensätze,a1-m8,Sprachbausteine,sprache,hoch,hoch,adj,,,"high, tall",Der Berg ist sehr hoch.,,,,,,,höher,am höchsten,507,,
A1,a1-23,Adjektive: Gegensätze,a1-m8,Sprachbausteine,sprache,niedrig,niedrig,adj,,,low,Die Miete ist hier niedrig.,,,,,,,niedriger,am niedrigsten,8396,,
A1,a1-23,Adjektive: Gegensätze,a1-m8,Sprachbausteine,sprache,dick,dick,adj,,,"thick, fat",Zieh eine dicke Jacke an.,,,,,,,dicker,am dicksten,2127,,
A1,a1-23,Adjektive: Gegensätze,a1-m8,Sprachbausteine,sprache,duenn,dünn,adj,,,thin,Das Papier ist sehr dünn.,,,,,,,dünner,am dünnsten,4988,,
A1,a1-24,Präpositionen & Ortsangaben,a1-m8,Sprachbausteine,sprache,in,in,prep,,,"in, into",Ich bin in der Küche.,,,,,,akk/dat,,,16,,
A1,a1-24,Präpositionen & Ortsangaben,a1-m8,Sprachbausteine,sprache,an,an,prep,,,"at, on (vertical)",Das Bild hängt an der Wand.,,,,,,akk/dat,,,40,,
A1,a1-24,Präpositionen & Ortsangaben,a1-m8,Sprachbausteine,sprache,auf,auf,prep,,,"on, onto",Das Buch liegt auf dem Tisch.,,,,,,akk/dat,,,23,,
A1,a1-24,Präpositionen & Ortsangaben,a1-m8,Sprachbausteine,sprache,unter,unter,prep,,,under,Die Katze schläft unter dem Bett.,,,,,,akk/dat,,,271,,
A1,a1-24,Präpositionen & Ortsangaben,a1-m8,Sprachbausteine,sprache,ueber,über,prep,,,"over, above, about",Die Lampe hängt über dem Tisch.,,,,,,akk/dat,,,116,,
A1,a1-24,Präpositionen & Ortsangaben,a1-m8,Sprachbausteine,sprache,vor,vor,prep,,,"in front of, before",Wir treffen uns vor dem Kino.,,,,,,akk/dat,,,92,,
A1,a1-24,Präpositionen & Ortsangaben,a1-m8,Sprachbausteine,sprache,hinter,hinter,prep,,,behind,Der Garten ist hinter dem Haus.,,,,,,akk/dat,,,424,,
A1,a1-24,Präpositionen & Ortsangaben,a1-m8,Sprachbausteine,sprache,neben,neben,prep,,,next to,Setz dich neben mich.,,,,,,akk/dat,,,1146,,
A1,a1-24,Präpositionen & Ortsangaben,a1-m8,Sprachbausteine,sprache,zwischen,zwischen,prep,,,between,Die Apotheke ist zwischen Bank und Post.,,,,,,akk/dat,,,535,,
A1,a1-24,Präpositionen & Ortsangaben,a1-m8,Sprachbausteine,sprache,bei,bei,prep,,,"at, near, with",Ich wohne bei meiner Tante.,,,,,,dat,,,86,,
A1,a1-24,Präpositionen & Ortsangaben,a1-m8,Sprachbausteine,sprache,mit,mit,prep,,,"with, by",Ich fahre mit dem Bus.,,,,,,dat,,,19,,
A1,a1-24,Präpositionen & Ortsangaben,a1-m8,Sprachbausteine,sprache,nach,nach,prep,,,"after, to (place)",Nach der Arbeit gehe ich einkaufen.,,,,,,dat,,,73,,
A1,a1-24,Präpositionen & Ortsangaben,a1-m8,Sprachbausteine,sprache,zu,zu,prep,,,to,Ich gehe zum Arzt.,,,,,,dat,,,13,,
A1,a1-24,Präpositionen & Ortsangaben,a1-m8,Sprachbausteine,sprache,von,von,prep,,,"from, of",Das ist ein Brief von meiner Mutter.,,,,,,dat,,,34,,
A1,a1-24,Präpositionen & Ortsangaben,a1-m8,Sprachbausteine,sprache,aus,aus,prep,,,"from, out of",Ich komme aus Syrien.,,,,,,dat,,,61,,
A1,a1-24,Präpositionen & Ortsangaben,a1-m8,Sprachbausteine,sprache,seit,seit,prep,,,"since, for",Ich lerne seit einem Jahr Deutsch.,,,,,,dat,,,234,,
A1,a1-24,Präpositionen & Ortsangaben,a1-m8,Sprachbausteine,sprache,fuer,für,prep,,,for,Das Geschenk ist für dich.,,,,,,akk,,,31,,
A1,a1-24,Präpositionen & Ortsangaben,a1-m8,Sprachbausteine,sprache,ohne,ohne,prep,,,without,Ich trinke Kaffee ohne Zucker.,,,,,,akk,,,212,,
A1,a1-24,Präpositionen & Ortsangaben,a1-m8,Sprachbausteine,sprache,gegen,gegen,prep,,,"against, around (time)",Ich nehme etwas gegen die Schmerzen.,,,,,,akk,,,290,,
A1,a1-24,Präpositionen & Ortsangaben,a1-m8,Sprachbausteine,sprache,um,um,prep,,,"at (time), around",Der Kurs beginnt um neun Uhr.,,,,,,akk,,,63,,
A1,a1-24,Präpositionen & Ortsangaben,a1-m8,Sprachbausteine,sprache,durch,durch,prep,,,through,Wir gehen durch den Park.,,,,,,akk,,,194,,
A1,a1-24,Präpositionen & Ortsangaben,a1-m8,Sprachbausteine,sprache,bis,bis,prep,,,"until, to",Ich arbeite bis fünf Uhr.,,,,,,akk,,,155,,
A1,a1-24,Präpositionen & Ortsangaben,a1-m8,Sprachbausteine,sprache,hier,hier,adv,,,here,Hier ist meine Adresse.,,,,,,,,,29,,
A1,a1-24,Präpositionen & Ortsangaben,a1-m8,Sprachbausteine,sprache,dort,dort,adv,,,there,Dort hinten ist die Kasse.,,,,,,,,,231,,
A1,a1-24,Präpositionen & Ortsangaben,a1-m8,Sprachbausteine,sprache,oben,oben,adv,,,"up, above, upstairs",Das Bad ist oben.,,,,,,,,,474,,
A1,a1-25,Funktionswörter & Konnektoren,a1-m8,Sprachbausteine,sprache,und,und,conj,,,and,Ich trinke Kaffee und esse ein Brötchen.,,,,,,,,,9,,
A1,a1-25,Funktionswörter & Konnektoren,a1-m8,Sprachbausteine,sprache,oder,oder,conj,,,or,Möchtest du Tee oder Kaffee?,,,,,,,,,72,,
A1,a1-25,Funktionswörter & Konnektoren,a1-m8,Sprachbausteine,sprache,aber,aber,conj,,,but,"Die Wohnung ist klein, aber schön.",,,,,,,,,25,,
A1,a1-25,Funktionswörter & Konnektoren,a1-m8,Sprachbausteine,sprache,denn,denn,conj,,,"because, for","Ich bleibe zu Hause, denn ich bin krank.",,,,,,,,,101,,
A1,a1-25,Funktionswörter & Konnektoren,a1-m8,Sprachbausteine,sprache,weil,weil,conj,,,because,"Ich komme später, weil der Bus Verspätung hat.",,,,,,,,,138,,
A1,a1-25,Funktionswörter & Konnektoren,a1-m8,Sprachbausteine,sprache,dass,dass,conj,,,that,"Ich glaube, dass er recht hat.",,,,,,,,,24,,
A1,a1-25,Funktionswörter & Konnektoren,a1-m8,Sprachbausteine,sprache,wenn,wenn,conj,,,"if, when","Wenn es regnet, bleiben wir zu Hause.",,,,,,,,,35,,
A1,a1-25,Funktionswörter & Konnektoren,a1-m8,Sprachbausteine,sprache,ob,ob,conj,,,whether,"Ich weiß nicht, ob er kommt.",,,,,,,,,195,,
A1,a1-25,Funktionswörter & Konnektoren,a1-m8,Sprachbausteine,sprache,als,als,conj,,,"when (past), than","Als ich klein war, wohnten wir in Ankara.",,,,,,,,,55,,
A1,a1-25,Funktionswörter & Konnektoren,a1-m8,Sprachbausteine,sprache,sondern,sondern,conj,,,but rather,"Er kommt nicht heute, sondern morgen.",,,,,,,,,619,,
A1,a1-25,Funktionswörter & Konnektoren,a1-m8,Sprachbausteine,sprache,man,man,pron,,,"one, you (impersonal)",Hier darf man nicht parken.,,,,,,,,,76,,
A1,a1-25,Funktionswörter & Konnektoren,a1-m8,Sprachbausteine,sprache,wer,wer,pron,,,who,Wer ist das?,,,,,,,,,110,,
A1,a1-25,Funktionswörter & Konnektoren,a1-m8,Sprachbausteine,sprache,was,was,pron,,,what,Was machst du heute?,,,,,,,,,12,,
A1,a1-25,Funktionswörter & Konnektoren,a1-m8,Sprachbausteine,sprache,welcher,welcher,pron,,,which,Welcher Bus fährt zum Zentrum?,,,,,,,,,1000,,
A1,a1-25,Funktionswörter & Konnektoren,a1-m8,Sprachbausteine,sprache,wo,wo,adv,,,where,Wo wohnst du?,,,,,,,,,82,,
A1,a1-25,Funktionswörter & Konnektoren,a1-m8,Sprachbausteine,sprache,wie,wie,adv,,,how,Wie geht es dir?,,,,,,,,,20,,
A1,a1-25,Funktionswörter & Konnektoren,a1-m8,Sprachbausteine,sprache,warum,warum,adv,,,why,Warum lernst du Deutsch?,,,,,,,,,91,,
A1,a1-25,Funktionswörter & Konnektoren,a1-m8,Sprachbausteine,sprache,wann,wann,adv,,,when,Wann kommt der nächste Zug?,,,,,,,,,312,,
A1,a1-25,Funktionswörter & Konnektoren,a1-m8,Sprachbausteine,sprache,wohin,wohin,adv,,,where to,Wohin gehst du?,,,,,,,,,624,,
A1,a1-25,Funktionswörter & Konnektoren,a1-m8,Sprachbausteine,sprache,woher,woher,adv,,,where from,Woher kommen Sie?,,,,,,,,,449,,
A1,a1-25,Funktionswörter & Konnektoren,a1-m8,Sprachbausteine,sprache,auch,auch,adv,,,"also, too",Ich komme auch mit.,,,,,,,,,53,,
A1,a1-25,Funktionswörter & Konnektoren,a1-m8,Sprachbausteine,sprache,nicht,nicht,adv,,,not,Das verstehe ich nicht.,,,,,,,,,6,,
A1,a1-25,Funktionswörter & Konnektoren,a1-m8,Sprachbausteine,sprache,sehr,sehr,adv,,,very,Das Essen ist sehr gut.,,,,,,,,,99,,
A1,a1-25,Funktionswörter & Konnektoren,a1-m8,Sprachbausteine,sprache,schon,schon,adv,,,already,Bist du schon fertig?,,,,,,,,,54,,
A1,a1-25,Funktionswörter & Konnektoren,a1-m8,Sprachbausteine,sprache,noch,noch,adv,,,"still, yet",Ich bin noch nicht fertig.,,,,,,,,,42,,
A1,a1-26,Ämter & Formulare,a1-m8,Sprachbausteine,aemter,amt,Amt,noun,das,Ämter,"public office, authority",Ich muss morgen zum Amt.,,,,,,,,,4378,,
A1,a1-26,Ämter & Formulare,a1-m8,Sprachbausteine,aemter,behoerde,Behörde,noun,die,Behörden,"authority, public agency",Die Behörde schickt einen Brief.,,,,,,,,,9302,,
A1,a1-26,Ämter & Formulare,a1-m8,Sprachbausteine,aemter,formular,Formular,noun,das,Formulare,form,Füllen Sie bitte dieses Formular aus.,,,,,,,,,10427,,
A1,a1-26,Ämter & Formulare,a1-m8,Sprachbausteine,aemter,antrag,Antrag,noun,der,Anträge,application,Ich stelle einen Antrag auf Kindergeld.,,,,,,,,,3024,,
A1,a1-26,Ämter & Formulare,a1-m8,Sprachbausteine,aemter,unterschrift,Unterschrift,noun,die,Unterschriften,signature,Hier fehlt noch Ihre Unterschrift.,,,,,,,,,4415,,
A1,a1-26,Ämter & Formulare,a1-m8,Sprachbausteine,aemter,anmeldung,Anmeldung,noun,die,Anmeldungen,registration,Die Anmeldung dauert zehn Minuten.,,,,,,,,,18318,,
A1,a1-26,Ämter & Formulare,a1-m8,Sprachbausteine,aemter,buergeramt,Bürgeramt,noun,das,Bürgerämter,citizens' office,Das Bürgeramt hat bis 18 Uhr geöffnet.,,,,,,,,,,,
A1,a1-26,Ämter & Formulare,a1-m8,Sprachbausteine,aemter,auslaenderbehoerde,Ausländerbehörde,noun,die,Ausländerbehörden,immigration office,Ich habe einen Termin bei der Ausländerbehörde.,,,,,,,,,,,
A1,a1-26,Ämter & Formulare,a1-m8,Sprachbausteine,aemter,aufenthalt,Aufenthalt,noun,der,Aufenthalte,"stay, residence",Mein Aufenthalt ist bis 2027 gültig.,,,,,,,,,6796,,
A1,a1-26,Ämter & Formulare,a1-m8,Sprachbausteine,aemter,visum,Visum,noun,das,Visa,visa,Mein Visum läuft im Juni ab.,,,,,,,,,14453,,
A1,a1-26,Ämter & Formulare,a1-m8,Sprachbausteine,aemter,geburtsurkunde,Geburtsurkunde,noun,die,Geburtsurkunden,birth certificate,Bringen Sie bitte Ihre Geburtsurkunde mit.,,,,,,,,,14703,,
A1,a1-26,Ämter & Formulare,a1-m8,Sprachbausteine,aemter,staatsangehoerigkeit,Staatsangehörigkeit,noun,die,Staatsangehörigkeiten,nationality,Welche Staatsangehörigkeit haben Sie?,,,,,,,,,,,
A1,a1-26,Ämter & Formulare,a1-m8,Sprachbausteine,aemter,familienstand,Familienstand,noun,der,,marital status,Familienstand: ledig oder verheiratet?,,,,,,,,,,,
A1,a1-26,Ämter & Formulare,a1-m8,Sprachbausteine,aemter,geburtsort,Geburtsort,noun,der,Geburtsorte,place of birth,Mein Geburtsort ist Aleppo.,,,,,,,,,22313,,
A1,a1-26,Ämter & Formulare,a1-m8,Sprachbausteine,aemter,mitarbeiter,Mitarbeiter,noun,der,Mitarbeiter,"employee, staff member",Der Mitarbeiter am Schalter hilft Ihnen.,,,,,,,,,3227,,
A1,a1-26,Ämter & Formulare,a1-m8,Sprachbausteine,aemter,nummer,Nummer,noun,die,Nummern,number,Ziehen Sie bitte eine Nummer.,,,,,,,,,621,,
A1,a1-26,Ämter & Formulare,a1-m8,Sprachbausteine,aemter,oeffnungszeit,Öffnungszeit,noun,die,Öffnungszeiten,opening hours,Die Öffnungszeiten stehen an der Tür.,,,,,,,,,,,
A1,a1-26,Ämter & Formulare,a1-m8,Sprachbausteine,aemter,dokument,Dokument,noun,das,Dokumente,document,Haben Sie alle Dokumente dabei?,,,,,,,,,6780,,
A1,a1-26,Ämter & Formulare,a1-m8,Sprachbausteine,aemter,kopie,Kopie,noun,die,Kopien,copy,Ich brauche eine Kopie vom Pass.,,,,,,,,,3612,,
A1,a1-26,Ämter & Formulare,a1-m8,Sprachbausteine,aemter,gebuehr,Gebühr,noun,die,Gebühren,fee,Die Gebühr beträgt 30 Euro.,,,,,,,,,20328,,
A1,a1-26,Ämter & Formulare,a1-m8,Sprachbausteine,aemter,ausfuellen,ausfüllen,verb,,,to fill in,Füllen Sie das Formular bitte in Druckschrift aus.,füllt aus|füllte aus|ausgefüllt,haben,true,,,,,,10066,,
A1,a1-26,Ämter & Formulare,a1-m8,Sprachbausteine,aemter,unterschreiben,unterschreiben,verb,,,to sign,Bitte unterschreiben Sie hier unten.,unterschreibt|unterschrieb|unterschrieben,haben,,,,,,,2354,,
A1,a1-26,Ämter & Formulare,a1-m8,Sprachbausteine,aemter,anmelden,anmelden,verb,,,to register,Ich muss mich in der Stadt anmelden.,meldet an|meldete an|angemeldet,haben,true,true,,,,,11483,,
A1,a1-26,Ämter & Formulare,a1-m8,Sprachbausteine,aemter,abgeben,abgeben,verb,,,to hand in,Wo kann ich den Antrag abgeben?,gibt ab|gab ab|abgegeben,haben,true,,,,,,3726,,
A1,a1-26,Ämter & Formulare,a1-m8,Sprachbausteine,aemter,beantragen,beantragen,verb,,,to apply for,Ich möchte einen neuen Ausweis beantragen.,beantragt|beantragte|beantragt,haben,,,,,,,11389,,
A2,a2-01,Wohnungssuche & Mietvertrag,a2-m1,Wohnen & Nachbarschaft,wohnen,mietvertrag,Mietvertrag,noun,der,Mietverträge,tenancy agreement,Lesen Sie den Mietvertrag genau durch.,,,,,,,,,16356,,
A2,a2-01,Wohnungssuche & Mietvertrag,a2-m1,Wohnen & Nachbarschaft,wohnen,vermieter,Vermieter,noun,der,Vermieter,landlord,Der Vermieter wohnt im selben Haus.,,,,,,,,,10647,,
A2,a2-01,Wohnungssuche & Mietvertrag,a2-m1,Wohnen & Nachbarschaft,wohnen,mieter,Mieter,noun,der,Mieter,tenant,Die neuen Mieter ziehen im Mai ein.,,,,,,,,,10129,,
A2,a2-01,Wohnungssuche & Mietvertrag,a2-m1,Wohnen & Nachbarschaft,wohnen,kaution,Kaution,noun,die,Kautionen,deposit,Die Kaution beträgt drei Monatsmieten.,,,,,,,,,4569,,
A2,a2-01,Wohnungssuche & Mietvertrag,a2-m1,Wohnen & Nachbarschaft,wohnen,nebenkosten,Nebenkosten,noun,,,"additional costs, utilities",Die Nebenkosten sind nicht in der Miete enthalten.,,,,,,,,,40979,,
A2,a2-01,Wohnungssuche & Mietvertrag,a2-m1,Wohnen & Nachbarschaft,wohnen,quadratmeter,Quadratmeter,noun,der,Quadratmeter,square metre,Die Wohnung hat 65 Quadratmeter.,,,,,,,,,20484,,
A2,a2-01,Wohnungssuche & Mietvertrag,a2-m1,Wohnen & Nachbarschaft,wohnen,stockwerk,Stockwerk,noun,das,Stockwerke,"floor, storey",Wir wohnen im dritten Stockwerk.,,,,,,,,,10084,,
A2,a2-01,Wohnungssuche & Mietvertrag,a2-m1,Wohnen & Nachbarschaft,wohnen,erdgeschoss,Erdgeschoss,noun,das,Erdgeschosse,ground floor,Die Praxis ist im Erdgeschoss.,,,,,,,,,14431,,
A2,a2-01,Wohnungssuche & Mietvertrag,a2-m1,Wohnen & Nachbarschaft,wohnen,aufzug,Aufzug,noun,der,Aufzüge,"lift, elevator",Der Aufzug ist leider kaputt.,,,,,,,,,4372,,
A2,a2-01,Wohnungssuche & Mietvertrag,a2-m1,Wohnen & Nachbarschaft,wohnen,heizung,Heizung,noun,die,Heizungen,heating,Die Heizung funktioniert nicht richtig.,,,,,,,,,9040,,
A2,a2-01,Wohnungssuche & Mietvertrag,a2-m1,Wohnen & Nachbarschaft,wohnen,strom,Strom,noun,der,,electricity,Der Strom wird extra bezahlt.,,,,,,,,,2576,,
A2,a2-01,Wohnungssuche & Mietvertrag,a2-m1,Wohnen & Nachbarschaft,wohnen,anzeige,Anzeige,noun,die,Anzeigen,"advertisement, notice",Ich habe die Anzeige im Internet gefunden.,,,,,,,,,3496,,
A2,a2-01,Wohnungssuche & Mietvertrag,a2-m1,Wohnen & Nachbarschaft,wohnen,besichtigung,Besichtigung,noun,die,Besichtigungen,viewing,Die Besichtigung ist am Dienstag um 17 Uhr.,,,,,,,,,22727,,
A2,a2-01,Wohnungssuche & Mietvertrag,a2-m1,Wohnen & Nachbarschaft,wohnen,umzug,Umzug,noun,der,Umzüge,"move, relocation",Der Umzug war sehr anstrengend.,,,,,,,,,8734,,
A2,a2-01,Wohnungssuche & Mietvertrag,a2-m1,Wohnen & Nachbarschaft,wohnen,moebel,Möbel,noun,,,furniture,Die Möbel sind schon in der neuen Wohnung.,,,,,,,,,5067,,
A2,a2-01,Wohnungssuche & Mietvertrag,a2-m1,Wohnen & Nachbarschaft,wohnen,wohngemeinschaft,Wohngemeinschaft,noun,die,Wohngemeinschaften,shared flat,Ich wohne in einer Wohngemeinschaft mit drei Studenten.,,,,,,,,,,,
A2,a2-01,Wohnungssuche & Mietvertrag,a2-m1,Wohnen & Nachbarschaft,wohnen,makler,Makler,noun,der,Makler,estate agent,Der Makler verlangt eine Provision.,,,,,,,,,12023,,
A2,a2-01,Wohnungssuche & Mietvertrag,a2-m1,Wohnen & Nachbarschaft,wohnen,kuendigung,Kündigung,noun,die,Kündigungen,"termination, notice",Die Kündigung muss schriftlich sein.,,,,,,,,,9608,,
A2,a2-01,Wohnungssuche & Mietvertrag,a2-m1,Wohnen & Nachbarschaft,wohnen,hausordnung,Hausordnung,noun,die,Hausordnungen,house rules,Nach der Hausordnung ist ab 22 Uhr Ruhe.,,,,,,,,,45022,,
A2,a2-01,Wohnungssuche & Mietvertrag,a2-m1,Wohnen & Nachbarschaft,wohnen,schluessel,Schlüssel,noun,der,Schlüssel,key,Ich habe meinen Schlüssel vergessen.,,,,,,,,,785,,
A2,a2-01,Wohnungssuche & Mietvertrag,a2-m1,Wohnen & Nachbarschaft,wohnen,briefkasten,Briefkasten,noun,der,Briefkästen,letterbox,Ihr Name steht nicht am Briefkasten.,,,,,,,,,9907,,
A2,a2-01,Wohnungssuche & Mietvertrag,a2-m1,Wohnen & Nachbarschaft,wohnen,klingel,Klingel,noun,die,Klingeln,doorbell,"Die Klingel ist kaputt, bitte klopfen.",,,,,,,,,9207,,
A2,a2-01,Wohnungssuche & Mietvertrag,a2-m1,Wohnen & Nachbarschaft,wohnen,kuendigen,kündigen,verb,,,"to give notice, to terminate",Ich habe die Wohnung zum 31. März gekündigt.,kündigt|kündigte|gekündigt,haben,,,,,,,6143,,
A2,a2-01,Wohnungssuche & Mietvertrag,a2-m1,Wohnen & Nachbarschaft,wohnen,einziehen,einziehen,verb,,,to move in,Wir ziehen am ersten Juni ein.,zieht ein|zog ein|eingezogen,sein,true,,,,,,5947,,
A2,a2-01,Wohnungssuche & Mietvertrag,a2-m1,Wohnen & Nachbarschaft,wohnen,ausziehen,ausziehen,verb,,,to move out,Die alten Mieter sind schon ausgezogen.,zieht aus|zog aus|ausgezogen,sein,true,,,,,,3109,,
A2,a2-02,Nachbarschaft & Zusammenleben,a2-m1,Wohnen & Nachbarschaft,wohnen|gesellschaft,nachbarin,Nachbarin,noun,die,Nachbarinnen,neighbour (female),Meine Nachbarin gießt meine Blumen.,,,,,,,,,6571,,
A2,a2-02,Nachbarschaft & Zusammenleben,a2-m1,Wohnen & Nachbarschaft,wohnen|gesellschaft,laerm,Lärm,noun,der,,noise,Der Lärm von der Straße stört mich.,,,,,,,,,3579,,
A2,a2-02,Nachbarschaft & Zusammenleben,a2-m1,Wohnen & Nachbarschaft,wohnen|gesellschaft,ruhe,Ruhe,noun,die,,"quiet, rest",Ab 22 Uhr gilt Ruhe im Haus.,,,,,,,,,468,,
A2,a2-02,Nachbarschaft & Zusammenleben,a2-m1,Wohnen & Nachbarschaft,wohnen|gesellschaft,ruecksicht,Rücksicht,noun,die,,consideration,Bitte nehmen Sie Rücksicht auf die Nachbarn.,,,,,,,,,8510,,
A2,a2-02,Nachbarschaft & Zusammenleben,a2-m1,Wohnen & Nachbarschaft,wohnen|gesellschaft,streit,Streit,noun,der,,"argument, quarrel",Es gab Streit wegen der Mülltonnen.,,,,,,,,,1819,,
A2,a2-02,Nachbarschaft & Zusammenleben,a2-m1,Wohnen & Nachbarschaft,wohnen|gesellschaft,hilfe,Hilfe,noun,die,Hilfen,help,Vielen Dank für Ihre Hilfe!,,,,,,,,,323,,
A2,a2-02,Nachbarschaft & Zusammenleben,a2-m1,Wohnen & Nachbarschaft,wohnen|gesellschaft,treffen-noun,Treffen,noun,das,Treffen,"meeting, get-together",Das Treffen der Mieter ist am Freitag.,,,,,,,,,415,,
A2,a2-02,Nachbarschaft & Zusammenleben,a2-m1,Wohnen & Nachbarschaft,wohnen|gesellschaft,verein,Verein,noun,der,Vereine,"club, association",Mein Sohn ist in einem Fußballverein.,,,,,,,,,10932,,
A2,a2-02,Nachbarschaft & Zusammenleben,a2-m1,Wohnen & Nachbarschaft,wohnen|gesellschaft,gemeinschaft,Gemeinschaft,noun,die,Gemeinschaften,community,Im Dorf gibt es eine starke Gemeinschaft.,,,,,,,,,5765,,
A2,a2-02,Nachbarschaft & Zusammenleben,a2-m1,Wohnen & Nachbarschaft,wohnen|gesellschaft,regel,Regel,noun,die,Regeln,rule,Diese Regel kennt hier jeder.,,,,,,,,,2510,,
A2,a2-02,Nachbarschaft & Zusammenleben,a2-m1,Wohnen & Nachbarschaft,wohnen|gesellschaft,muelltonne,Mülltonne,noun,die,Mülltonnen,rubbish bin,Die Mülltonne wird dienstags geleert.,,,,,,,,,14729,,
A2,a2-02,Nachbarschaft & Zusammenleben,a2-m1,Wohnen & Nachbarschaft,wohnen|gesellschaft,hof,Hof,noun,der,Höfe,"courtyard, yard",Die Kinder spielen im Hof.,,,,,,,,,2377,,
A2,a2-02,Nachbarschaft & Zusammenleben,a2-m1,Wohnen & Nachbarschaft,wohnen|gesellschaft,waschkueche,Waschküche,noun,die,Waschküchen,laundry room,Die Waschküche ist im Keller.,,,,,,,,,33115,,
A2,a2-02,Nachbarschaft & Zusammenleben,a2-m1,Wohnen & Nachbarschaft,wohnen|gesellschaft,grill,Grill,noun,der,Grills,barbecue,Im Sommer stellen wir den Grill in den Hof.,,,,,,,,,9544,,
A2,a2-02,Nachbarschaft & Zusammenleben,a2-m1,Wohnen & Nachbarschaft,wohnen|gesellschaft,einladung,Einladung,noun,die,Einladungen,invitation,Danke für die Einladung!,,,,,,,,,2754,,
A2,a2-02,Nachbarschaft & Zusammenleben,a2-m1,Wohnen & Nachbarschaft,wohnen|gesellschaft,besuch,Besuch,noun,der,Besuche,"visit, visitors",Wir bekommen heute Besuch.,,,,,,,,,1276,,
A2,a2-02,Nachbarschaft & Zusammenleben,a2-m1,Wohnen & Nachbarschaft,wohnen|gesellschaft,gast,Gast,noun,der,Gäste,guest,Wir haben zehn Gäste eingeladen.,,,,,,,,,2136,,
A2,a2-02,Nachbarschaft & Zusammenleben,a2-m1,Wohnen & Nachbarschaft,wohnen|gesellschaft,geschenk,Geschenk,noun,das,Geschenke,"present, gift",Das Geschenk ist für dich.,,,,,,,,,1125,,
A2,a2-02,Nachbarschaft & Zusammenleben,a2-m1,Wohnen & Nachbarschaft,wohnen|gesellschaft,gruessen,grüßen,verb,,,to greet,Man grüßt hier im Treppenhaus.,grüßt|grüßte|gegrüßt,haben,,,,,,,4516,,
A2,a2-02,Nachbarschaft & Zusammenleben,a2-m1,Wohnen & Nachbarschaft,wohnen|gesellschaft,klingeln,klingeln,verb,,,to ring (the bell),Es hat gerade jemand geklingelt.,klingelt|klingelte|geklingelt,haben,,,,,,,4772,,
A2,a2-02,Nachbarschaft & Zusammenleben,a2-m1,Wohnen & Nachbarschaft,wohnen|gesellschaft,stoeren,stören,verb,,,to disturb,"Entschuldigung, störe ich gerade?",stört|störte|gestört,haben,,,,,,,1794,,
A2,a2-02,Nachbarschaft & Zusammenleben,a2-m1,Wohnen & Nachbarschaft,wohnen|gesellschaft,streiten,streiten,verb,,,to argue,Die Nachbarn streiten sich über den Parkplatz.,streitet|stritt|gestritten,haben,,true,über,akk,,,2185,,
A2,a2-02,Nachbarschaft & Zusammenleben,a2-m1,Wohnen & Nachbarschaft,wohnen|gesellschaft,einladen,einladen,verb,,,to invite,Ich lade dich zum Essen ein.,lädt ein|lud ein|eingeladen,haben,true,,,,,,2960,,
A2,a2-02,Nachbarschaft & Zusammenleben,a2-m1,Wohnen & Nachbarschaft,wohnen|gesellschaft,kuemmern,kümmern,verb,,,to take care of,Ich kümmere mich um den Garten.,kümmert|kümmerte|gekümmert,haben,,true,um,akk,,,777,,
A2,a2-02,Nachbarschaft & Zusammenleben,a2-m1,Wohnen & Nachbarschaft,wohnen|gesellschaft,hoeflich,höflich,adj,,,polite,Er ist immer sehr höflich.,,,,,,,höflicher,am höflichsten,4402,,
A2,a2-03,Haushalt & Reparaturen,a2-m1,Wohnen & Nachbarschaft,wohnen,reparatur,Reparatur,noun,die,Reparaturen,repair,Die Reparatur kostet 150 Euro.,,,,,,,,,9917,,
A2,a2-03,Haushalt & Reparaturen,a2-m1,Wohnen & Nachbarschaft,wohnen,handwerker,Handwerker,noun,der,Handwerker,"tradesperson, handyman",Der Handwerker kommt am Montag.,,,,,,,,,11489,,
A2,a2-03,Haushalt & Reparaturen,a2-m1,Wohnen & Nachbarschaft,wohnen,werkzeug,Werkzeug,noun,das,Werkzeuge,tool,Hast du Werkzeug für mich?,,,,,,,,,5026,,
A2,a2-03,Haushalt & Reparaturen,a2-m1,Wohnen & Nachbarschaft,wohnen,hammer,Hammer,noun,der,Hämmer,hammer,Gib mir bitte den Hammer.,,,,,,,,,2801,,
A2,a2-03,Haushalt & Reparaturen,a2-m1,Wohnen & Nachbarschaft,wohnen,schraube,Schraube,noun,die,Schrauben,screw,Eine Schraube fehlt noch.,,,,,,,,,14427,,
A2,a2-03,Haushalt & Reparaturen,a2-m1,Wohnen & Nachbarschaft,wohnen,leiter,Leiter,noun,die,Leitern,ladder,Halt bitte die Leiter fest.,,,,,,,,,2845,,
A2,a2-03,Haushalt & Reparaturen,a2-m1,Wohnen & Nachbarschaft,wohnen,farbe,Farbe,noun,die,Farben,"colour, paint",Wir brauchen weiße Farbe für die Wand.,,,,,,,,,1874,,
A2,a2-03,Haushalt & Reparaturen,a2-m1,Wohnen & Nachbarschaft,wohnen,pinsel,Pinsel,noun,der,Pinsel,brush,Der Pinsel ist noch nass.,,,,,,,,,15386,,
A2,a2-03,Haushalt & Reparaturen,a2-m1,Wohnen & Nachbarschaft,wohnen,rohr,Rohr,noun,das,Rohre,pipe,Das Rohr unter dem Waschbecken ist undicht.,,,,,,,,,7767,,
A2,a2-03,Haushalt & Reparaturen,a2-m1,Wohnen & Nachbarschaft,wohnen,wasserhahn,Wasserhahn,noun,der,Wasserhähne,"tap, faucet",Der Wasserhahn tropft.,,,,,,,,,18902,,
A2,a2-03,Haushalt & Reparaturen,a2-m1,Wohnen & Nachbarschaft,wohnen,steckdose,Steckdose,noun,die,Steckdosen,socket,Wo ist die nächste Steckdose?,,,,,,,,,28129,,
A2,a2-03,Haushalt & Reparaturen,a2-m1,Wohnen & Nachbarschaft,wohnen,kabel,Kabel,noun,das,Kabel,cable,Das Kabel ist zu kurz.,,,,,,,,,4883,,
A2,a2-03,Haushalt & Reparaturen,a2-m1,Wohnen & Nachbarschaft,wohnen,sicherung,Sicherung,noun,die,Sicherungen,fuse,Die Sicherung ist rausgesprungen.,,,,,,,,,10761,,
A2,a2-03,Haushalt & Reparaturen,a2-m1,Wohnen & Nachbarschaft,wohnen,gluehbirne,Glühbirne,noun,die,Glühbirnen,light bulb,Die Glühbirne im Flur ist kaputt.,,,,,,,,,18221,,
A2,a2-03,Haushalt & Reparaturen,a2-m1,Wohnen & Nachbarschaft,wohnen,muell,Müll,noun,der,,"rubbish, waste",Bringst du bitte den Müll runter?,,,,,,,,,2476,,
A2,a2-03,Haushalt & Reparaturen,a2-m1,Wohnen & Nachbarschaft,wohnen,staubsauger,Staubsauger,noun,der,Staubsauger,vacuum cleaner,Der Staubsauger steht im Schrank.,,,,,,,,,11797,,
A2,a2-03,Haushalt & Reparaturen,a2-m1,Wohnen & Nachbarschaft,wohnen,besen,Besen,noun,der,Besen,broom,Nimm den Besen und kehr den Hof.,,,,,,,,,9322,,
A2,a2-03,Haushalt & Reparaturen,a2-m1,Wohnen & Nachbarschaft,wohnen,eimer,Eimer,noun,der,Eimer,bucket,Füll bitte den Eimer mit Wasser.,,,,,,,,,4449,,
A2,a2-03,Haushalt & Reparaturen,a2-m1,Wohnen & Nachbarschaft,wohnen,waesche,Wäsche,noun,die,,"laundry, washing",Die Wäsche hängt auf dem Balkon.,,,,,,,,,3604,,
A2,a2-03,Haushalt & Reparaturen,a2-m1,Wohnen & Nachbarschaft,wohnen,buegeleisen,Bügeleisen,noun,das,Bügeleisen,iron,Das Bügeleisen ist noch heiß.,,,,,,,,,28729,,
A2,a2-03,Haushalt & Reparaturen,a2-m1,Wohnen & Nachbarschaft,wohnen,reparieren,reparieren,verb,,,to repair,Können Sie das Fenster reparieren?,repariert|reparierte|repariert,haben,,,,,,,2347,,
A2,a2-03,Haushalt & Reparaturen,a2-m1,Wohnen & Nachbarschaft,wohnen,buegeln,bügeln,verb,,,to iron,Ich bügle die Hemden am Sonntag.,bügelt|bügelte|gebügelt,haben,,,,,,,16924,,
A2,a2-03,Haushalt & Reparaturen,a2-m1,Wohnen & Nachbarschaft,wohnen,aufraeumen,aufräumen,verb,,,to tidy up,Räum bitte dein Zimmer auf.,räumt auf|räumte auf|aufgeräumt,haben,true,,,,,,5606,,
A2,a2-03,Haushalt & Reparaturen,a2-m1,Wohnen & Nachbarschaft,wohnen,staubsaugen,staubsaugen,verb,,,to vacuum,Ich staubsauge einmal pro Woche.,staubsaugt|staubsaugte|gestaubsaugt,haben,,,,,,,41649,,
A2,a2-03,Haushalt & Reparaturen,a2-m1,Wohnen & Nachbarschaft,wohnen,funktionieren,funktionieren,verb,,,"to work, to function",Der Aufzug funktioniert wieder.,funktioniert|funktionierte|funktioniert,haben,,,,,,,1743,,
A2,a2-04,Lebensmittel & Kochen,a2-m2,Essen & Versorgung,essen,zwiebel,Zwiebel,noun,die,Zwiebeln,onion,Schneide bitte die Zwiebel klein.,,,,,,,,,19682,,
A2,a2-04,Lebensmittel & Kochen,a2-m2,Essen & Versorgung,essen,knoblauch,Knoblauch,noun,der,,garlic,In die Soße kommt noch Knoblauch.,,,,,,,,,11105,,
A2,a2-04,Lebensmittel & Kochen,a2-m2,Essen & Versorgung,essen,tomate,Tomate,noun,die,Tomaten,tomato,Die Tomaten sind schön reif.,,,,,,,,,15840,,
A2,a2-04,Lebensmittel & Kochen,a2-m2,Essen & Versorgung,essen,gurke,Gurke,noun,die,Gurken,cucumber,Im Salat sind Gurken und Tomaten.,,,,,,,,,16188,,
A2,a2-04,Lebensmittel & Kochen,a2-m2,Essen & Versorgung,essen,paprika,Paprika,noun,die,Paprikas,pepper (vegetable),Ich kaufe eine rote Paprika.,,,,,,,,,17201,,
A2,a2-04,Lebensmittel & Kochen,a2-m2,Essen & Versorgung,essen,karotte,Karotte,noun,die,Karotten,carrot,Karotten sind gut für die Augen.,,,,,,,,,20577,,
A2,a2-04,Lebensmittel & Kochen,a2-m2,Essen & Versorgung,essen,pilz,Pilz,noun,der,Pilze,mushroom,Im Herbst sammeln wir Pilze.,,,,,,,,,15270,,
A2,a2-04,Lebensmittel & Kochen,a2-m2,Essen & Versorgung,essen,zitrone,Zitrone,noun,die,Zitronen,lemon,Möchtest du Zitrone im Tee?,,,,,,,,,10205,,
A2,a2-04,Lebensmittel & Kochen,a2-m2,Essen & Versorgung,essen,orange,Orange,noun,die,Orangen,orange,Die Orangen kommen aus Spanien.,,,,,,,,,6022,,
A2,a2-04,Lebensmittel & Kochen,a2-m2,Essen & Versorgung,essen,erdbeere,Erdbeere,noun,die,Erdbeeren,strawberry,Im Juni gibt es frische Erdbeeren.,,,,,,,,,21451,,
A2,a2-04,Lebensmittel & Kochen,a2-m2,Essen & Versorgung,essen,traube,Traube,noun,die,Trauben,grape,Die Trauben sind sehr süß.,,,,,,,,,36630,,
A2,a2-04,Lebensmittel & Kochen,a2-m2,Essen & Versorgung,essen,mehl,Mehl,noun,das,Mehle,flour,Für den Kuchen brauche ich 300 Gramm Mehl.,,,,,,,,,10349,,
A2,a2-04,Lebensmittel & Kochen,a2-m2,Essen & Versorgung,essen,oel,Öl,noun,das,Öle,oil,Gib etwas Öl in die Pfanne.,,,,,,,,,3904,,
A2,a2-04,Lebensmittel & Kochen,a2-m2,Essen & Versorgung,essen,essig,Essig,noun,der,Essige,vinegar,In den Salat kommt Essig und Öl.,,,,,,,,,16418,,
A2,a2-04,Lebensmittel & Kochen,a2-m2,Essen & Versorgung,essen,pfeffer,Pfeffer,noun,der,,pepper (spice),Salz und Pfeffer stehen auf dem Tisch.,,,,,,,,,11186,,
A2,a2-04,Lebensmittel & Kochen,a2-m2,Essen & Versorgung,essen,gewuerz,Gewürz,noun,das,Gewürze,spice,Welche Gewürze benutzt du?,,,,,,,,,40342,,
A2,a2-04,Lebensmittel & Kochen,a2-m2,Essen & Versorgung,essen,sahne,Sahne,noun,die,,cream,Möchtest du Sahne zum Kuchen?,,,,,,,,,8568,,
A2,a2-04,Lebensmittel & Kochen,a2-m2,Essen & Versorgung,essen,joghurt,Joghurt,noun,der,Joghurts,yoghurt,Zum Frühstück esse ich Joghurt.,,,,,,,,,12290,,
A2,a2-04,Lebensmittel & Kochen,a2-m2,Essen & Versorgung,essen,honig,Honig,noun,der,,honey,Ich nehme Honig statt Zucker.,,,,,,,,,6432,,
A2,a2-04,Lebensmittel & Kochen,a2-m2,Essen & Versorgung,essen,nudel,Nudel,noun,die,Nudeln,"noodle, pasta",Die Nudeln kochen zehn Minuten.,,,,,,,,,27128,,
A2,a2-04,Lebensmittel & Kochen,a2-m2,Essen & Versorgung,essen,kuchen,Kuchen,noun,der,Kuchen,cake,Meine Oma backt den besten Kuchen.,,,,,,,,,1868,,
A2,a2-04,Lebensmittel & Kochen,a2-m2,Essen & Versorgung,essen,schokolade,Schokolade,noun,die,Schokoladen,chocolate,Ich esse abends gern Schokolade.,,,,,,,,,3430,,
A2,a2-04,Lebensmittel & Kochen,a2-m2,Essen & Versorgung,essen,backen,backen,verb,,,to bake,Wir backen jeden Sonntag Brot.,bäckt|backte|gebacken,haben,,,,,,,6931,,
A2,a2-04,Lebensmittel & Kochen,a2-m2,Essen & Versorgung,essen,braten,braten,verb,,,"to fry, to roast",Brate das Fleisch zehn Minuten.,brät|briet|gebraten,haben,,,,,,,7121,,
A2,a2-04,Lebensmittel & Kochen,a2-m2,Essen & Versorgung,essen,schneiden,schneiden,verb,,,to cut,Schneide das Brot bitte in Scheiben.,schneidet|schnitt|geschnitten,haben,,,,,,,3098,,
A2,a2-05,Restaurant & Bestellen,a2-m2,Essen & Versorgung,essen,speisekarte,Speisekarte,noun,die,Speisekarten,menu,Können wir bitte die Speisekarte haben?,,,,,,,,,12889,,
A2,a2-05,Restaurant & Bestellen,a2-m2,Essen & Versorgung,essen,vorspeise,Vorspeise,noun,die,Vorspeisen,starter,Als Vorspeise nehme ich eine Suppe.,,,,,,,,,15835,,
A2,a2-05,Restaurant & Bestellen,a2-m2,Essen & Versorgung,essen,hauptgericht,Hauptgericht,noun,das,Hauptgerichte,main course,Das Hauptgericht kommt gleich.,,,,,,,,,34947,,
A2,a2-05,Restaurant & Bestellen,a2-m2,Essen & Versorgung,essen,nachtisch,Nachtisch,noun,der,Nachtische,dessert,Zum Nachtisch gibt es Eis.,,,,,,,,,6518,,
A2,a2-05,Restaurant & Bestellen,a2-m2,Essen & Versorgung,essen,getraenk,Getränk,noun,das,Getränke,drink,Die Getränke sind nicht im Preis enthalten.,,,,,,,,,9355,,
A2,a2-05,Restaurant & Bestellen,a2-m2,Essen & Versorgung,essen,portion,Portion,noun,die,Portionen,portion,Die Portion ist sehr groß.,,,,,,,,,10326,,
A2,a2-05,Restaurant & Bestellen,a2-m2,Essen & Versorgung,essen,trinkgeld,Trinkgeld,noun,das,Trinkgelder,tip,In Deutschland gibt man etwa zehn Prozent Trinkgeld.,,,,,,,,,5248,,
A2,a2-05,Restaurant & Bestellen,a2-m2,Essen & Versorgung,essen,bedienung,Bedienung,noun,die,Bedienungen,"service, waiter",Die Bedienung war sehr freundlich.,,,,,,,,,10268,,
A2,a2-05,Restaurant & Bestellen,a2-m2,Essen & Versorgung,essen,reservierung,Reservierung,noun,die,Reservierungen,reservation,Ich habe eine Reservierung auf den Namen Yilmaz.,,,,,,,,,12231,,
A2,a2-05,Restaurant & Bestellen,a2-m2,Essen & Versorgung,essen,kellnerin,Kellnerin,noun,die,Kellnerinnen,waitress,Die Kellnerin bringt die Getränke.,,,,,,,,,6501,,
A2,a2-05,Restaurant & Bestellen,a2-m2,Essen & Versorgung,essen,serviette,Serviette,noun,die,Servietten,napkin,Können Sie mir eine Serviette geben?,,,,,,,,,14226,,
A2,a2-05,Restaurant & Bestellen,a2-m2,Essen & Versorgung,essen,flasche,Flasche,noun,die,Flaschen,bottle,"Eine Flasche Wasser, bitte.",,,,,,,,,1618,,
A2,a2-05,Restaurant & Bestellen,a2-m2,Essen & Versorgung,essen,imbiss,Imbiss,noun,der,Imbisse,snack bar,Am Bahnhof gibt es einen türkischen Imbiss.,,,,,,,,,13738,,
A2,a2-05,Restaurant & Bestellen,a2-m2,Essen & Versorgung,essen,mahlzeit,Mahlzeit,noun,die,Mahlzeiten,meal,Ich esse drei Mahlzeiten am Tag.,,,,,,,,,6036,,
A2,a2-05,Restaurant & Bestellen,a2-m2,Essen & Versorgung,essen,geschmack,Geschmack,noun,der,Geschmäcker,taste,Das ist nicht mein Geschmack.,,,,,,,,,2606,,
A2,a2-05,Restaurant & Bestellen,a2-m2,Essen & Versorgung,essen,bestellung,Bestellung,noun,die,Bestellungen,order,Ihre Bestellung kommt in fünf Minuten.,,,,,,,,,6873,,
A2,a2-05,Restaurant & Bestellen,a2-m2,Essen & Versorgung,essen,bestellen,bestellen,verb,,,to order,Ich bestelle einen Salat.,bestellt|bestellte|bestellt,haben,,,,,,,2976,,
A2,a2-05,Restaurant & Bestellen,a2-m2,Essen & Versorgung,essen,reservieren,reservieren,verb,,,to reserve,Ich möchte einen Tisch für vier Personen reservieren.,reserviert|reservierte|reserviert,haben,,,,,,,13485,,
A2,a2-05,Restaurant & Bestellen,a2-m2,Essen & Versorgung,essen,empfehlen,empfehlen,verb,,,to recommend,Was können Sie mir empfehlen?,empfiehlt|empfahl|empfohlen,haben,,,,,,,5291,,
A2,a2-05,Restaurant & Bestellen,a2-m2,Essen & Versorgung,essen,schmecken,schmecken,verb,,,to taste (good),Das Essen schmeckt mir sehr gut.,schmeckt|schmeckte|geschmeckt,haben,,,,dat,,,4120,,
A2,a2-05,Restaurant & Bestellen,a2-m2,Essen & Versorgung,essen,probieren,probieren,verb,,,"to try, to taste","Probier mal, das ist lecker!",probiert|probierte|probiert,haben,,,,,,,2306,,
A2,a2-05,Restaurant & Bestellen,a2-m2,Essen & Versorgung,essen,lecker,lecker,adj,,,delicious,Der Kuchen war richtig lecker.,,,,,,,leckerer,am leckersten,2794,,
A2,a2-05,Restaurant & Bestellen,a2-m2,Essen & Versorgung,essen,suess,süß,adj,,,sweet,Der Tee ist mir zu süß.,,,,,,,süßer,am süßesten,1020,,
A2,a2-05,Restaurant & Bestellen,a2-m2,Essen & Versorgung,essen,salzig,salzig,adj,,,salty,Die Suppe ist zu salzig.,,,,,,,salziger,am salzigsten,22066,,
A2,a2-05,Restaurant & Bestellen,a2-m2,Essen & Versorgung,essen,scharf,scharf,adj,,,"spicy, sharp",Ich esse gern scharf.,,,,,,,schärfer,am schärfsten,2221,,
A2,a2-06,Gesundheit & Krankheiten,a2-m3,Gesundheit,gesundheit,krankheit,Krankheit,noun,die,Krankheiten,illness,Die Krankheit ist nicht gefährlich.,,,,,,,,,2082,,
A2,a2-06,Gesundheit & Krankheiten,a2-m3,Gesundheit,gesundheit,beschwerde,Beschwerde,noun,die,Beschwerden,"complaint, symptom",Welche Beschwerden haben Sie?,,,,,,,,,8424,,
A2,a2-06,Gesundheit & Krankheiten,a2-m3,Gesundheit,gesundheit,allergie,Allergie,noun,die,Allergien,allergy,Ich habe eine Allergie gegen Nüsse.,,,,,,,,,15092,,
A2,a2-06,Gesundheit & Krankheiten,a2-m3,Gesundheit,gesundheit,kopfschmerzen,Kopfschmerzen,noun,,,headache,Ich habe seit gestern Kopfschmerzen.,,,,,,,,,3903,,
A2,a2-06,Gesundheit & Krankheiten,a2-m3,Gesundheit,gesundheit,bauchschmerzen,Bauchschmerzen,noun,,,stomach ache,Das Kind klagt über Bauchschmerzen.,,,,,,,,,14914,,
A2,a2-06,Gesundheit & Krankheiten,a2-m3,Gesundheit,gesundheit,durchfall,Durchfall,noun,der,,diarrhoea,Bei Durchfall soll man viel trinken.,,,,,,,,,13607,,
A2,a2-06,Gesundheit & Krankheiten,a2-m3,Gesundheit,gesundheit,uebelkeit,Übelkeit,noun,die,,nausea,Die Übelkeit kommt vom Medikament.,,,,,,,,,14325,,
A2,a2-06,Gesundheit & Krankheiten,a2-m3,Gesundheit,gesundheit,verletzung,Verletzung,noun,die,Verletzungen,injury,Die Verletzung heilt langsam.,,,,,,,,,5589,,
A2,a2-06,Gesundheit & Krankheiten,a2-m3,Gesundheit,gesundheit,wunde,Wunde,noun,die,Wunden,wound,Die Wunde muss sauber bleiben.,,,,,,,,,3276,,
A2,a2-06,Gesundheit & Krankheiten,a2-m3,Gesundheit,gesundheit,blut,Blut,noun,das,,blood,Der Arzt nimmt mir Blut ab.,,,,,,,,,591,,
A2,a2-06,Gesundheit & Krankheiten,a2-m3,Gesundheit,gesundheit,impfung,Impfung,noun,die,Impfungen,vaccination,Die Impfung ist kostenlos.,,,,,,,,,28568,,
A2,a2-06,Gesundheit & Krankheiten,a2-m3,Gesundheit,gesundheit,untersuchung,Untersuchung,noun,die,Untersuchungen,examination,Die Untersuchung dauert zwanzig Minuten.,,,,,,,,,2397,,
A2,a2-06,Gesundheit & Krankheiten,a2-m3,Gesundheit,gesundheit,diagnose,Diagnose,noun,die,Diagnosen,diagnosis,Die Diagnose war zum Glück harmlos.,,,,,,,,,6209,,
A2,a2-06,Gesundheit & Krankheiten,a2-m3,Gesundheit,gesundheit,behandlung,Behandlung,noun,die,Behandlungen,treatment,Die Behandlung zahlt die Krankenkasse.,,,,,,,,,3070,,
A2,a2-06,Gesundheit & Krankheiten,a2-m3,Gesundheit,gesundheit,operation,Operation,noun,die,Operationen,operation,Die Operation ist nächste Woche.,,,,,,,,,1705,,
A2,a2-06,Gesundheit & Krankheiten,a2-m3,Gesundheit,gesundheit,krankenwagen,Krankenwagen,noun,der,Krankenwagen,ambulance,Rufen Sie schnell einen Krankenwagen!,,,,,,,,,2815,,
A2,a2-06,Gesundheit & Krankheiten,a2-m3,Gesundheit,gesundheit,notaufnahme,Notaufnahme,noun,die,Notaufnahmen,emergency department,Wir mussten in die Notaufnahme.,,,,,,,,,5245,,
A2,a2-06,Gesundheit & Krankheiten,a2-m3,Gesundheit,gesundheit,krankschreibung,Krankschreibung,noun,die,Krankschreibungen,sick note,Ich brauche eine Krankschreibung für den Arbeitgeber.,,,,,,,,,,,
A2,a2-06,Gesundheit & Krankheiten,a2-m3,Gesundheit,gesundheit,facharzt,Facharzt,noun,der,Fachärzte,specialist doctor,Sie brauchen eine Überweisung zum Facharzt.,,,,,,,,,43314,,
A2,a2-06,Gesundheit & Krankheiten,a2-m3,Gesundheit,gesundheit,erkaelten,erkälten,verb,,,to catch a cold,Ich habe mich erkältet.,erkältet|erkältete|erkältet,haben,,true,,,,,20282,,
A2,a2-06,Gesundheit & Krankheiten,a2-m3,Gesundheit,gesundheit,husten,husten,verb,,,to cough,Das Kind hustet die ganze Nacht.,hustet|hustete|gehustet,haben,,,,,,,5893,,
A2,a2-06,Gesundheit & Krankheiten,a2-m3,Gesundheit,gesundheit,verletzen,verletzen,verb,,,to injure,Ich habe mich beim Sport verletzt.,verletzt|verletzte|verletzt,haben,,true,,,,,2248,,
A2,a2-06,Gesundheit & Krankheiten,a2-m3,Gesundheit,gesundheit,behandeln,behandeln,verb,,,to treat,Der Arzt behandelt mich seit Jahren.,behandelt|behandelte|behandelt,haben,,,,,,,2134,,
A2,a2-06,Gesundheit & Krankheiten,a2-m3,Gesundheit,gesundheit,heilen,heilen,verb,,,to heal,Die Wunde ist gut geheilt.,heilt|heilte|geheilt,sein,,,,,,,2907,,
A2,a2-06,Gesundheit & Krankheiten,a2-m3,Gesundheit,gesundheit,schwach,schwach,adj,,,weak,Nach der Grippe war ich noch schwach.,,,,,,,schwächer,am schwächsten,2036,,
A2,a2-07,Apotheke & Medikamente,a2-m3,Gesundheit,gesundheit,apotheke,Apotheke,noun,die,Apotheken,pharmacy,Die Apotheke ist gleich gegenüber.,,,,,,,,,7610,,
A2,a2-07,Apotheke & Medikamente,a2-m3,Gesundheit,gesundheit,apotheker,Apotheker,noun,der,Apotheker,pharmacist,Fragen Sie den Apotheker um Rat.,,,,,,,,,14778,,
A2,a2-07,Apotheke & Medikamente,a2-m3,Gesundheit,gesundheit,salbe,Salbe,noun,die,Salben,ointment,Die Salbe hilft gegen den Juckreiz.,,,,,,,,,17525,,
A2,a2-07,Apotheke & Medikamente,a2-m3,Gesundheit,gesundheit,tropfen,Tropfen,noun,der,Tropfen,drop,Nehmen Sie abends zehn Tropfen.,,,,,,,,,4467,,
A2,a2-07,Apotheke & Medikamente,a2-m3,Gesundheit,gesundheit,spritze,Spritze,noun,die,Spritzen,"injection, syringe",Ich habe Angst vor Spritzen.,,,,,,,,,5484,,
A2,a2-07,Apotheke & Medikamente,a2-m3,Gesundheit,gesundheit,pflaster,Pflaster,noun,das,Pflaster,"plaster, band-aid",Hast du ein Pflaster für mich?,,,,,,,,,10295,,
A2,a2-07,Apotheke & Medikamente,a2-m3,Gesundheit,gesundheit,verband,Verband,noun,der,Verbände,bandage,Der Verband muss täglich gewechselt werden.,,,,,,,,,7575,,
A2,a2-07,Apotheke & Medikamente,a2-m3,Gesundheit,gesundheit,schmerzmittel,Schmerzmittel,noun,das,Schmerzmittel,painkiller,Nehmen Sie das Schmerzmittel nur bei Bedarf.,,,,,,,,,10848,,
A2,a2-07,Apotheke & Medikamente,a2-m3,Gesundheit,gesundheit,antibiotikum,Antibiotikum,noun,das,Antibiotika,antibiotic,Das Antibiotikum müssen Sie ganz aufbrauchen.,,,,,,,,,33537,,
A2,a2-07,Apotheke & Medikamente,a2-m3,Gesundheit,gesundheit,hustensaft,Hustensaft,noun,der,Hustensäfte,cough syrup,Der Hustensaft schmeckt süß.,,,,,,,,,27887,,
A2,a2-07,Apotheke & Medikamente,a2-m3,Gesundheit,gesundheit,nasenspray,Nasenspray,noun,das,Nasensprays,nasal spray,Benutzen Sie das Nasenspray höchstens eine Woche.,,,,,,,,,,,
A2,a2-07,Apotheke & Medikamente,a2-m3,Gesundheit,gesundheit,vitamin,Vitamin,noun,das,Vitamine,vitamin,Im Winter nehme ich Vitamine.,,,,,,,,,18742,,
A2,a2-07,Apotheke & Medikamente,a2-m3,Gesundheit,gesundheit,packung,Packung,noun,die,Packungen,"packet, box",Eine Packung kostet acht Euro.,,,,,,,,,9930,,
A2,a2-07,Apotheke & Medikamente,a2-m3,Gesundheit,gesundheit,dosis,Dosis,noun,die,Dosen,dose,Die Dosis steht auf der Packung.,,,,,,,,,6345,,
A2,a2-07,Apotheke & Medikamente,a2-m3,Gesundheit,gesundheit,beipackzettel,Beipackzettel,noun,der,Beipackzettel,package insert,Lesen Sie bitte den Beipackzettel.,,,,,,,,,,,
A2,a2-07,Apotheke & Medikamente,a2-m3,Gesundheit,gesundheit,nebenwirkung,Nebenwirkung,noun,die,Nebenwirkungen,side effect,Das Medikament hat kaum Nebenwirkungen.,,,,,,,,,24051,,
A2,a2-07,Apotheke & Medikamente,a2-m3,Gesundheit,gesundheit,notdienst,Notdienst,noun,der,Notdienste,emergency service,Heute Nacht hat die Apotheke am Markt Notdienst.,,,,,,,,,39748,,
A2,a2-07,Apotheke & Medikamente,a2-m3,Gesundheit,gesundheit,fieberthermometer,Fieberthermometer,noun,das,Fieberthermometer,thermometer,Wo ist das Fieberthermometer?,,,,,,,,,,,
A2,a2-07,Apotheke & Medikamente,a2-m3,Gesundheit,gesundheit,einnehmen,einnehmen,verb,,,to take (medicine),Nehmen Sie die Tabletten nach dem Essen ein.,nimmt ein|nahm ein|eingenommen,haben,true,,,,,,5867,,
A2,a2-07,Apotheke & Medikamente,a2-m3,Gesundheit,gesundheit,wirken,wirken,verb,,,to take effect,Das Mittel wirkt nach zwanzig Minuten.,wirkt|wirkte|gewirkt,haben,,,,,,,2638,,
A2,a2-07,Apotheke & Medikamente,a2-m3,Gesundheit,gesundheit,verschreiben,verschreiben,verb,,,to prescribe,Der Arzt hat mir ein Antibiotikum verschrieben.,verschreibt|verschrieb|verschrieben,haben,,,,,,,18388,,
A2,a2-07,Apotheke & Medikamente,a2-m3,Gesundheit,gesundheit,auftragen,auftragen,verb,,,to apply (cream),Tragen Sie die Salbe dünn auf.,trägt auf|trug auf|aufgetragen,haben,true,,,,,,20543,,
A2,a2-07,Apotheke & Medikamente,a2-m3,Gesundheit,gesundheit,rezeptfrei,rezeptfrei,adj,,,over-the-counter,Diese Tabletten sind rezeptfrei.,,,,,,,,,,,
A2,a2-07,Apotheke & Medikamente,a2-m3,Gesundheit,gesundheit,rezeptpflichtig,rezeptpflichtig,adj,,,prescription-only,Das Medikament ist rezeptpflichtig.,,,,,,,,,,,
A2,a2-07,Apotheke & Medikamente,a2-m3,Gesundheit,gesundheit,wirksam,wirksam,adj,,,effective,Das ist ein sehr wirksames Mittel.,,,,,,,wirksamer,am wirksamsten,20940,,
A2,a2-08,Körperpflege,a2-m3,Gesundheit,koerper,zahnbuerste,Zahnbürste,noun,die,Zahnbürsten,toothbrush,Ich brauche eine neue Zahnbürste.,,,,,,,,,9647,,
A2,a2-08,Körperpflege,a2-m3,Gesundheit,koerper,zahnpasta,Zahnpasta,noun,die,Zahnpasten,toothpaste,Die Zahnpasta ist leer.,,,,,,,,,16029,,
A2,a2-08,Körperpflege,a2-m3,Gesundheit,koerper,shampoo,Shampoo,noun,das,Shampoos,shampoo,Welches Shampoo benutzt du?,,,,,,,,,13898,,
A2,a2-08,Körperpflege,a2-m3,Gesundheit,koerper,duschgel,Duschgel,noun,das,Duschgels,shower gel,Das Duschgel riecht nach Orange.,,,,,,,,,,,
A2,a2-08,Körperpflege,a2-m3,Gesundheit,koerper,creme,Creme,noun,die,Cremes,cream,Im Winter brauche ich eine fettere Creme.,,,,,,,,,12474,,
A2,a2-08,Körperpflege,a2-m3,Gesundheit,koerper,deo,Deo,noun,das,Deos,deodorant,Hast du ein Deo dabei?,,,,,,,,,14789,,
A2,a2-08,Körperpflege,a2-m3,Gesundheit,koerper,rasierer,Rasierer,noun,der,Rasierer,razor,Mein Rasierer ist stumpf.,,,,,,,,,20777,,
A2,a2-08,Körperpflege,a2-m3,Gesundheit,koerper,kamm,Kamm,noun,der,Kämme,comb,Der Kamm liegt im Bad.,,,,,,,,,12496,,
A2,a2-08,Körperpflege,a2-m3,Gesundheit,koerper,buerste,Bürste,noun,die,Bürsten,brush,Gib mir bitte die Bürste.,,,,,,,,,17824,,
A2,a2-08,Körperpflege,a2-m3,Gesundheit,koerper,schere,Schere,noun,die,Scheren,scissors,Die Schere ist in der Schublade.,,,,,,,,,6974,,
A2,a2-08,Körperpflege,a2-m3,Gesundheit,koerper,nagel,Nagel,noun,der,Nägel,nail,Meine Nägel sind zu lang.,,,,,,,,,6583,,
A2,a2-08,Körperpflege,a2-m3,Gesundheit,koerper,bart,Bart,noun,der,Bärte,beard,Er hat sich einen Bart wachsen lassen.,,,,,,,,,2886,,
A2,a2-08,Körperpflege,a2-m3,Gesundheit,koerper,friseur,Friseur,noun,der,Friseure,hairdresser,Ich gehe morgen zum Friseur.,,,,,,,,,7543,,
A2,a2-08,Körperpflege,a2-m3,Gesundheit,koerper,frisur,Frisur,noun,die,Frisuren,hairstyle,Deine neue Frisur steht dir gut.,,,,,,,,,4959,,
A2,a2-08,Körperpflege,a2-m3,Gesundheit,koerper,dusche,Dusche,noun,die,Duschen,shower,Die Dusche ist besetzt.,,,,,,,,,3226,,
A2,a2-08,Körperpflege,a2-m3,Gesundheit,koerper,badewanne,Badewanne,noun,die,Badewannen,bathtub,In der Wohnung gibt es keine Badewanne.,,,,,,,,,7236,,
A2,a2-08,Körperpflege,a2-m3,Gesundheit,koerper,waschbecken,Waschbecken,noun,das,Waschbecken,"sink, washbasin",Das Waschbecken ist verstopft.,,,,,,,,,12988,,
A2,a2-08,Körperpflege,a2-m3,Gesundheit,koerper,papiertaschentuch,Papiertaschentuch,noun,das,Papiertaschentücher,tissue,Hast du ein Papiertaschentuch für mich?,,,,,,,,,,,
A2,a2-08,Körperpflege,a2-m3,Gesundheit,koerper,parfuem,Parfüm,noun,das,Parfüms,perfume,Ihr Parfüm riecht sehr gut.,,,,,,,,,7878,,
A2,a2-08,Körperpflege,a2-m3,Gesundheit,koerper,rasieren,rasieren,verb,,,to shave,Er rasiert sich jeden Morgen.,rasiert|rasierte|rasiert,haben,,true,,,,,7416,,
A2,a2-08,Körperpflege,a2-m3,Gesundheit,koerper,kaemmen,kämmen,verb,,,to comb,Kämm dir bitte die Haare.,kämmt|kämmte|gekämmt,haben,,true,,,,,24059,,
A2,a2-08,Körperpflege,a2-m3,Gesundheit,koerper,schminken,schminken,verb,,,to put on make-up,Sie schminkt sich nur selten.,schminkt|schminkte|geschminkt,haben,,true,,,,,19779,,
A2,a2-08,Körperpflege,a2-m3,Gesundheit,koerper,abtrocknen,abtrocknen,verb,,,to dry off,Trockne dich gut ab.,trocknet ab|trocknete ab|abgetrocknet,haben,true,true,,,,,27010,,
A2,a2-08,Körperpflege,a2-m3,Gesundheit,koerper,baden,baden,verb,,,to bathe,Die Kinder baden am Abend.,badet|badete|gebadet,haben,,,,,,,4910,,
A2,a2-08,Körperpflege,a2-m3,Gesundheit,koerper,trocken,trocken,adj,,,dry,Meine Haut ist im Winter sehr trocken.,,,,,,,trockener,am trockensten,4019,,
A2,a2-09,Bewerbung & Lebenslauf,a2-m4,Beruf,arbeit,bewerbung,Bewerbung,noun,die,Bewerbungen,application,Ich schreibe gerade eine Bewerbung.,,,,,,,,,11392,,
A2,a2-09,Bewerbung & Lebenslauf,a2-m4,Beruf,arbeit,lebenslauf,Lebenslauf,noun,der,Lebensläufe,"CV, résumé",Der Lebenslauf soll tabellarisch sein.,,,,,,,,,8503,,
A2,a2-09,Bewerbung & Lebenslauf,a2-m4,Beruf,arbeit,anschreiben,Anschreiben,noun,das,Anschreiben,cover letter,Das Anschreiben darf nur eine Seite lang sein.,,,,,,,,,25845,,
A2,a2-09,Bewerbung & Lebenslauf,a2-m4,Beruf,arbeit,zeugnis,Zeugnis,noun,das,Zeugnisse,"certificate, reference",Bitte legen Sie Ihre Zeugnisse bei.,,,,,,,,,10483,,
A2,a2-09,Bewerbung & Lebenslauf,a2-m4,Beruf,arbeit,qualifikation,Qualifikation,noun,die,Qualifikationen,qualification,Sie hat die richtige Qualifikation für die Stelle.,,,,,,,,,26534,,
A2,a2-09,Bewerbung & Lebenslauf,a2-m4,Beruf,arbeit,erfahrung,Erfahrung,noun,die,Erfahrungen,experience,Ich habe drei Jahre Erfahrung in der Pflege.,,,,,,,,,1769,,
A2,a2-09,Bewerbung & Lebenslauf,a2-m4,Beruf,arbeit,kenntnis,Kenntnis,noun,die,Kenntnisse,"knowledge, skill",Gute Deutschkenntnisse sind wichtig.,,,,,,,,,6043,,
A2,a2-09,Bewerbung & Lebenslauf,a2-m4,Beruf,arbeit,faehigkeit,Fähigkeit,noun,die,Fähigkeiten,"ability, skill",Welche Fähigkeiten bringen Sie mit?,,,,,,,,,4220,,
A2,a2-09,Bewerbung & Lebenslauf,a2-m4,Beruf,arbeit,vorstellungsgespraech,Vorstellungsgespräch,noun,das,Vorstellungsgespräche,job interview,Mein Vorstellungsgespräch ist am Donnerstag.,,,,,,,,,10079,,
A2,a2-09,Bewerbung & Lebenslauf,a2-m4,Beruf,arbeit,stellenanzeige,Stellenanzeige,noun,die,Stellenanzeigen,job advert,Ich habe die Stellenanzeige online gelesen.,,,,,,,,,,,
A2,a2-09,Bewerbung & Lebenslauf,a2-m4,Beruf,arbeit,arbeitgeber,Arbeitgeber,noun,der,Arbeitgeber,employer,Mein Arbeitgeber zahlt pünktlich.,,,,,,,,,8701,,
A2,a2-09,Bewerbung & Lebenslauf,a2-m4,Beruf,arbeit,arbeitnehmer,Arbeitnehmer,noun,der,Arbeitnehmer,employee,Jeder Arbeitnehmer hat Anspruch auf Urlaub.,,,,,,,,,,,
A2,a2-09,Bewerbung & Lebenslauf,a2-m4,Beruf,arbeit,arbeitsvertrag,Arbeitsvertrag,noun,der,Arbeitsverträge,employment contract,Den Arbeitsvertrag bekomme ich nächste Woche.,,,,,,,,,46681,,
A2,a2-09,Bewerbung & Lebenslauf,a2-m4,Beruf,arbeit,probezeit,Probezeit,noun,die,Probezeiten,probation period,Die Probezeit dauert sechs Monate.,,,,,,,,,27386,,
A2,a2-09,Bewerbung & Lebenslauf,a2-m4,Beruf,arbeit,vollzeit,Vollzeit,noun,die,,full time,Ich arbeite in Vollzeit.,,,,,,,,,21424,,
A2,a2-09,Bewerbung & Lebenslauf,a2-m4,Beruf,arbeit,teilzeit,Teilzeit,noun,die,,part time,Nach der Elternzeit arbeite ich in Teilzeit.,,,,,,,,,26602,,
A2,a2-09,Bewerbung & Lebenslauf,a2-m4,Beruf,arbeit,bewerber,Bewerber,noun,der,Bewerber,applicant,Es gab über fünfzig Bewerber.,,,,,,,,,15709,,
A2,a2-09,Bewerbung & Lebenslauf,a2-m4,Beruf,arbeit,referenz,Referenz,noun,die,Referenzen,reference,Mein früherer Chef ist meine Referenz.,,,,,,,,,27160,,
A2,a2-09,Bewerbung & Lebenslauf,a2-m4,Beruf,arbeit,gehaltsvorstellung,Gehaltsvorstellung,noun,die,Gehaltsvorstellungen,salary expectation,Nennen Sie bitte Ihre Gehaltsvorstellung.,,,,,,,,,,,
A2,a2-09,Bewerbung & Lebenslauf,a2-m4,Beruf,arbeit,abschluss,Abschluss,noun,der,Abschlüsse,"qualification, degree",Mein Abschluss wurde in Deutschland anerkannt.,,,,,,,,,3481,,
A2,a2-09,Bewerbung & Lebenslauf,a2-m4,Beruf,arbeit,bewerben,bewerben,verb,,,to apply,Ich bewerbe mich um eine Stelle als Pflegekraft.,bewirbt|bewarb|beworben,haben,,true,um,akk,,,12903,,
A2,a2-09,Bewerbung & Lebenslauf,a2-m4,Beruf,arbeit,einstellen,einstellen,verb,,,to hire,Die Firma stellt zehn neue Leute ein.,stellt ein|stellte ein|eingestellt,haben,true,,,,,,3718,,
A2,a2-09,Bewerbung & Lebenslauf,a2-m4,Beruf,arbeit,absagen,absagen,verb,,,"to cancel, to turn down",Leider haben sie mir abgesagt.,sagt ab|sagte ab|abgesagt,haben,true,,,,,,5570,,
A2,a2-09,Bewerbung & Lebenslauf,a2-m4,Beruf,arbeit,zusagen,zusagen,verb,,,"to accept, to agree",Ich habe der Firma sofort zugesagt.,sagt zu|sagte zu|zugesagt,haben,true,,,,,,16676,,
A2,a2-09,Bewerbung & Lebenslauf,a2-m4,Beruf,arbeit,zuverlaessig,zuverlässig,adj,,,reliable,Sie ist eine sehr zuverlässige Kollegin.,,,,,,,zuverlässiger,am zuverlässigsten,9656,,
A2,a2-10,Arbeitsalltag & Kollegen,a2-m4,Beruf,arbeit,besprechung,Besprechung,noun,die,Besprechungen,meeting,Die Besprechung beginnt um neun.,,,,,,,,,5820,,
A2,a2-10,Arbeitsalltag & Kollegen,a2-m4,Beruf,arbeit,sitzung,Sitzung,noun,die,Sitzungen,"session, meeting",Die Sitzung dauerte drei Stunden.,,,,,,,,,4188,,
A2,a2-10,Arbeitsalltag & Kollegen,a2-m4,Beruf,arbeit,projekt,Projekt,noun,das,Projekte,project,Das Projekt ist fast fertig.,,,,,,,,,2225,,
A2,a2-10,Arbeitsalltag & Kollegen,a2-m4,Beruf,arbeit,auftrag,Auftrag,noun,der,Aufträge,"order, assignment",Wir haben einen großen Auftrag bekommen.,,,,,,,,,1663,,
A2,a2-10,Arbeitsalltag & Kollegen,a2-m4,Beruf,arbeit,frist,Frist,noun,die,Fristen,deadline,Die Frist läuft am Freitag ab.,,,,,,,,,13202,,
A2,a2-10,Arbeitsalltag & Kollegen,a2-m4,Beruf,arbeit,schicht,Schicht,noun,die,Schichten,shift,Diese Woche habe ich Nachtschicht.,,,,,,,,,4753,,
A2,a2-10,Arbeitsalltag & Kollegen,a2-m4,Beruf,arbeit,ueberstunde,Überstunde,noun,die,Überstunden,overtime hour,Ich habe diesen Monat viele Überstunden gemacht.,,,,,,,,,,,
A2,a2-10,Arbeitsalltag & Kollegen,a2-m4,Beruf,arbeit,mittagspause,Mittagspause,noun,die,Mittagspausen,lunch break,Die Mittagspause ist von 12 bis 13 Uhr.,,,,,,,,,8418,,
A2,a2-10,Arbeitsalltag & Kollegen,a2-m4,Beruf,arbeit,kantine,Kantine,noun,die,Kantinen,canteen,In der Kantine gibt es heute Fisch.,,,,,,,,,12788,,
A2,a2-10,Arbeitsalltag & Kollegen,a2-m4,Beruf,arbeit,konferenz,Konferenz,noun,die,Konferenzen,conference,Die Konferenz findet online statt.,,,,,,,,,6201,,
A2,a2-10,Arbeitsalltag & Kollegen,a2-m4,Beruf,arbeit,abteilung,Abteilung,noun,die,Abteilungen,department,Ich arbeite in der Abteilung Einkauf.,,,,,,,,,2646,,
A2,a2-10,Arbeitsalltag & Kollegen,a2-m4,Beruf,arbeit,team,Team,noun,das,Teams,team,Unser Team besteht aus sechs Personen.,,,,,,,,,883,,
A2,a2-10,Arbeitsalltag & Kollegen,a2-m4,Beruf,arbeit,drucker,Drucker,noun,der,Drucker,printer,Der Drucker hat kein Papier mehr.,,,,,,,,,15218,,
A2,a2-10,Arbeitsalltag & Kollegen,a2-m4,Beruf,arbeit,unterlagen,Unterlagen,noun,,,"documents, paperwork",Bringen Sie bitte alle Unterlagen mit.,,,,,,,,,3568,,
A2,a2-10,Arbeitsalltag & Kollegen,a2-m4,Beruf,arbeit,notiz,Notiz,noun,die,Notizen,note,Ich mache mir eine kurze Notiz.,,,,,,,,,8189,,
A2,a2-10,Arbeitsalltag & Kollegen,a2-m4,Beruf,arbeit,kalender,Kalender,noun,der,Kalender,calendar,Der Termin steht in meinem Kalender.,,,,,,,,,7534,,
A2,a2-10,Arbeitsalltag & Kollegen,a2-m4,Beruf,arbeit,schreibtisch,Schreibtisch,noun,der,Schreibtische,desk,Mein Schreibtisch steht am Fenster.,,,,,,,,,3030,,
A2,a2-10,Arbeitsalltag & Kollegen,a2-m4,Beruf,arbeit,krankmeldung,Krankmeldung,noun,die,Krankmeldungen,sick note,Die Krankmeldung muss am ersten Tag da sein.,,,,,,,,,,,
A2,a2-10,Arbeitsalltag & Kollegen,a2-m4,Beruf,arbeit,urlaubsantrag,Urlaubsantrag,noun,der,Urlaubsanträge,holiday request,Ich gebe den Urlaubsantrag heute ab.,,,,,,,,,,,
A2,a2-10,Arbeitsalltag & Kollegen,a2-m4,Beruf,arbeit,besprechen,besprechen,verb,,,to discuss,Das besprechen wir morgen im Team.,bespricht|besprach|besprochen,haben,,,,,,,1905,,
A2,a2-10,Arbeitsalltag & Kollegen,a2-m4,Beruf,arbeit,organisieren,organisieren,verb,,,to organise,Wer organisiert die Weihnachtsfeier?,organisiert|organisierte|organisiert,haben,,,,,,,5817,,
A2,a2-10,Arbeitsalltag & Kollegen,a2-m4,Beruf,arbeit,erledigen,erledigen,verb,,,"to deal with, to get done",Ich habe alles erledigt.,erledigt|erledigte|erledigt,haben,,,,,,,1255,,
A2,a2-10,Arbeitsalltag & Kollegen,a2-m4,Beruf,arbeit,vorbereiten,vorbereiten,verb,,,to prepare,Ich bereite die Präsentation vor.,bereitet vor|bereitete vor|vorbereitet,haben,true,,,,,,3042,,
A2,a2-10,Arbeitsalltag & Kollegen,a2-m4,Beruf,arbeit,puenktlich,pünktlich,adj,,,punctual,Bitte seien Sie pünktlich.,,,,,,,pünktlicher,am pünktlichsten,3117,,
A2,a2-10,Arbeitsalltag & Kollegen,a2-m4,Beruf,arbeit,stressig,stressig,adj,,,stressful,Die Woche war sehr stressig.,,,,,,,stressiger,am stressigsten,16424,,
A2,a2-11,Ausbildung & Weiterbildung,a2-m4,Beruf,bildung,ausbildung,Ausbildung,noun,die,Ausbildungen,vocational training,Meine Ausbildung dauert drei Jahre.,,,,,,,,,4057,,
A2,a2-11,Ausbildung & Weiterbildung,a2-m4,Beruf,bildung,weiterbildung,Weiterbildung,noun,die,Weiterbildungen,further training,Die Firma zahlt die Weiterbildung.,,,,,,,,,,,
A2,a2-11,Ausbildung & Weiterbildung,a2-m4,Beruf,bildung,azubi,Azubi,noun,der,Azubis,"trainee, apprentice",Wir suchen einen Azubi für nächstes Jahr.,,,,,,,,,,,
A2,a2-11,Ausbildung & Weiterbildung,a2-m4,Beruf,bildung,lehre,Lehre,noun,die,Lehren,apprenticeship,Er macht eine Lehre als Elektriker.,,,,,,,,,6618,,
A2,a2-11,Ausbildung & Weiterbildung,a2-m4,Beruf,bildung,fachschule,Fachschule,noun,die,Fachschulen,technical college,Nach der Lehre geht sie auf die Fachschule.,,,,,,,,,,,
A2,a2-11,Ausbildung & Weiterbildung,a2-m4,Beruf,bildung,hochschule,Hochschule,noun,die,Hochschulen,"university, college",Die Hochschule liegt am Stadtrand.,,,,,,,,,20942,,
A2,a2-11,Ausbildung & Weiterbildung,a2-m4,Beruf,bildung,studium,Studium,noun,das,Studien,"studies, degree course",Mein Studium dauert noch zwei Semester.,,,,,,,,,5821,,
A2,a2-11,Ausbildung & Weiterbildung,a2-m4,Beruf,bildung,studiengang,Studiengang,noun,der,Studiengänge,degree programme,Welchen Studiengang hast du gewählt?,,,,,,,,,,,
A2,a2-11,Ausbildung & Weiterbildung,a2-m4,Beruf,bildung,semester,Semester,noun,das,Semester,semester,Das Semester beginnt im Oktober.,,,,,,,,,8610,,
A2,a2-11,Ausbildung & Weiterbildung,a2-m4,Beruf,bildung,vorlesung,Vorlesung,noun,die,Vorlesungen,lecture,Die Vorlesung war sehr voll.,,,,,,,,,11450,,
A2,a2-11,Ausbildung & Weiterbildung,a2-m4,Beruf,bildung,seminar,Seminar,noun,das,Seminare,seminar,Im Seminar müssen wir ein Referat halten.,,,,,,,,,10772,,
A2,a2-11,Ausbildung & Weiterbildung,a2-m4,Beruf,bildung,dozent,Dozent,noun,der,Dozenten,lecturer,Der Dozent spricht sehr schnell.,,,,,,,,,27458,,
A2,a2-11,Ausbildung & Weiterbildung,a2-m4,Beruf,bildung,teilnehmer,Teilnehmer,noun,der,Teilnehmer,participant,Der Kurs hat zwölf Teilnehmer.,,,,,,,,,9698,,
A2,a2-11,Ausbildung & Weiterbildung,a2-m4,Beruf,bildung,sprachkurs,Sprachkurs,noun,der,Sprachkurse,language course,Ich besuche einen Sprachkurs am Abend.,,,,,,,,,,,
A2,a2-11,Ausbildung & Weiterbildung,a2-m4,Beruf,bildung,zertifikat,Zertifikat,noun,das,Zertifikate,certificate,Am Ende bekommt man ein Zertifikat.,,,,,,,,,37524,,
A2,a2-11,Ausbildung & Weiterbildung,a2-m4,Beruf,bildung,anerkennung,Anerkennung,noun,die,Anerkennungen,recognition (of qualifications),Die Anerkennung meines Diploms dauert lange.,,,,,,,,,6696,,
A2,a2-11,Ausbildung & Weiterbildung,a2-m4,Beruf,bildung,fach,Fach,noun,das,Fächer,subject,Mein Lieblingsfach war Mathematik.,,,,,,,,,8075,,
A2,a2-11,Ausbildung & Weiterbildung,a2-m4,Beruf,bildung,thema,Thema,noun,das,Themen,topic,Das Thema heute ist der Konjunktiv.,,,,,,,,,1731,,
A2,a2-11,Ausbildung & Weiterbildung,a2-m4,Beruf,bildung,wissen-noun,Wissen,noun,das,,knowledge,Mein Wissen über Grammatik ist noch klein.,,,,,,,,,119,,
A2,a2-11,Ausbildung & Weiterbildung,a2-m4,Beruf,bildung,fortschritt,Fortschritt,noun,der,Fortschritte,progress,Du machst gute Fortschritte!,,,,,,,,,5860,,
A2,a2-11,Ausbildung & Weiterbildung,a2-m4,Beruf,bildung,studieren,studieren,verb,,,to study,Sie studiert Medizin in Leipzig.,studiert|studierte|studiert,haben,,,,,,,3900,,
A2,a2-11,Ausbildung & Weiterbildung,a2-m4,Beruf,bildung,teilnehmen,teilnehmen,verb,,,to take part,Ich nehme an dem Kurs teil.,nimmt teil|nahm teil|teilgenommen,haben,true,,an,dat,,,6230,,
A2,a2-11,Ausbildung & Weiterbildung,a2-m4,Beruf,bildung,bestehen,bestehen,verb,,,to pass (an exam),Ich habe die Prüfung bestanden!,besteht|bestand|bestanden,haben,,,,,,,3195,,
A2,a2-11,Ausbildung & Weiterbildung,a2-m4,Beruf,bildung,durchfallen,durchfallen,verb,,,to fail (an exam),Beim ersten Mal bin ich durchgefallen.,fällt durch|fiel durch|durchgefallen,sein,true,,,,,,20188,,
A2,a2-11,Ausbildung & Weiterbildung,a2-m4,Beruf,bildung,schriftlich,schriftlich,adj,,,"written, in writing",Die Prüfung ist schriftlich und mündlich.,,,,,,,,,9586,,
A2,a2-12,Bank & Geld,a2-m5,Geld & Behörden,geld,konto,Konto,noun,das,Konten,account,Ich möchte ein Konto eröffnen.,,,,,,,,,3659,,
A2,a2-12,Bank & Geld,a2-m5,Geld & Behörden,geld,girokonto,Girokonto,noun,das,Girokonten,current account,Das Girokonto ist für Schüler kostenlos.,,,,,,,,,,,
A2,a2-12,Bank & Geld,a2-m5,Geld & Behörden,geld,kontonummer,Kontonummer,noun,die,Kontonummern,account number,Bitte geben Sie Ihre Kontonummer an.,,,,,,,,,24531,,
A2,a2-12,Bank & Geld,a2-m5,Geld & Behörden,geld,iban,IBAN,noun,die,IBANs,IBAN,Die IBAN steht auf dem Kontoauszug.,,,,,,,,,,,
A2,a2-12,Bank & Geld,a2-m5,Geld & Behörden,geld,ueberweisung,Überweisung,noun,die,Überweisungen,bank transfer,Die Überweisung dauert einen Werktag.,,,,,,,,,17737,,
A2,a2-12,Bank & Geld,a2-m5,Geld & Behörden,geld,dauerauftrag,Dauerauftrag,noun,der,Daueraufträge,standing order,Die Miete zahle ich per Dauerauftrag.,,,,,,,,,,,
A2,a2-12,Bank & Geld,a2-m5,Geld & Behörden,geld,lastschrift,Lastschrift,noun,die,Lastschriften,direct debit,Der Strom wird per Lastschrift abgebucht.,,,,,,,,,,,
A2,a2-12,Bank & Geld,a2-m5,Geld & Behörden,geld,geldautomat,Geldautomat,noun,der,Geldautomaten,"cash machine, ATM",Der Geldautomat ist außer Betrieb.,,,,,,,,,39784,,
A2,a2-12,Bank & Geld,a2-m5,Geld & Behörden,geld,ec-karte,EC-Karte,noun,die,EC-Karten,debit card,Kann ich mit EC-Karte zahlen?,,,,,,,,,,,
A2,a2-12,Bank & Geld,a2-m5,Geld & Behörden,geld,kreditkarte,Kreditkarte,noun,die,Kreditkarten,credit card,Wir nehmen leider keine Kreditkarte.,,,,,,,,,5823,,
A2,a2-12,Bank & Geld,a2-m5,Geld & Behörden,geld,pin,PIN,noun,die,PINs,PIN,Geben Sie bitte Ihre PIN ein.,,,,,,,,,18940,,
A2,a2-12,Bank & Geld,a2-m5,Geld & Behörden,geld,kredit,Kredit,noun,der,Kredite,"loan, credit",Für das Auto haben wir einen Kredit aufgenommen.,,,,,,,,,5186,,
A2,a2-12,Bank & Geld,a2-m5,Geld & Behörden,geld,zinsen,Zinsen,noun,,,interest,Die Zinsen sind zurzeit sehr niedrig.,,,,,,,,,8719,,
A2,a2-12,Bank & Geld,a2-m5,Geld & Behörden,geld,schulden,Schulden,noun,,,debts,Er hat keine Schulden mehr.,,,,,,,,,2038,,
A2,a2-12,Bank & Geld,a2-m5,Geld & Behörden,geld,bargeld,Bargeld,noun,das,,cash,Ich habe kein Bargeld dabei.,,,,,,,,,4711,,
A2,a2-12,Bank & Geld,a2-m5,Geld & Behörden,geld,kontoauszug,Kontoauszug,noun,der,Kontoauszüge,bank statement,Ich hole mir einen Kontoauszug.,,,,,,,,,,,
A2,a2-12,Bank & Geld,a2-m5,Geld & Behörden,geld,einkommen,Einkommen,noun,das,Einkommen,income,Das Einkommen reicht für die Familie.,,,,,,,,,10394,,
A2,a2-12,Bank & Geld,a2-m5,Geld & Behörden,geld,ausgabe,Ausgabe,noun,die,Ausgaben,expense,Meine Ausgaben sind höher als früher.,,,,,,,,,7967,,
A2,a2-12,Bank & Geld,a2-m5,Geld & Behörden,geld,sparbuch,Sparbuch,noun,das,Sparbücher,savings book,Das Sparbuch ist für die Kinder.,,,,,,,,,34851,,
A2,a2-12,Bank & Geld,a2-m5,Geld & Behörden,geld,wechselkurs,Wechselkurs,noun,der,Wechselkurse,exchange rate,Der Wechselkurs ist gerade schlecht.,,,,,,,,,47007,,
A2,a2-12,Bank & Geld,a2-m5,Geld & Behörden,geld,ueberweisen,überweisen,verb,,,to transfer (money),Ich überweise dir das Geld heute.,überweist|überwies|überwiesen,haben,,,,,,,13937,,
A2,a2-12,Bank & Geld,a2-m5,Geld & Behörden,geld,abheben,abheben,verb,,,to withdraw (money),Ich hebe hundert Euro ab.,hebt ab|hob ab|abgehoben,haben,true,,,,,,10659,,
A2,a2-12,Bank & Geld,a2-m5,Geld & Behörden,geld,einzahlen,einzahlen,verb,,,"to pay in, to deposit",Ich zahle das Geld auf mein Konto ein.,zahlt ein|zahlte ein|eingezahlt,haben,true,,,,,,34551,,
A2,a2-12,Bank & Geld,a2-m5,Geld & Behörden,geld,sparen,sparen,verb,,,to save,Wir sparen für einen Urlaub.,spart|sparte|gespart,haben,,,,,,,3137,,
A2,a2-12,Bank & Geld,a2-m5,Geld & Behörden,geld,kostenlos,kostenlos,adj,,,free of charge,Die Beratung ist kostenlos.,,,,,,,,,9766,,
A2,a2-13,Post & Behördengänge,a2-m5,Geld & Behörden,aemter,brief,Brief,noun,der,Briefe,letter,Ich habe einen Brief vom Amt bekommen.,,,,,,,,,1087,,
A2,a2-13,Post & Behördengänge,a2-m5,Geld & Behörden,aemter,paket,Paket,noun,das,Pakete,parcel,Das Paket ist beim Nachbarn.,,,,,,,,,4031,,
A2,a2-13,Post & Behördengänge,a2-m5,Geld & Behörden,aemter,paeckchen,Päckchen,noun,das,Päckchen,small parcel,Ein Päckchen kostet weniger als ein Paket.,,,,,,,,,6581,,
A2,a2-13,Post & Behördengänge,a2-m5,Geld & Behörden,aemter,briefmarke,Briefmarke,noun,die,Briefmarken,stamp,Ich brauche zwei Briefmarken.,,,,,,,,,20532,,
A2,a2-13,Post & Behördengänge,a2-m5,Geld & Behörden,aemter,umschlag,Umschlag,noun,der,Umschläge,envelope,Der Umschlag ist zu klein.,,,,,,,,,5647,,
A2,a2-13,Post & Behördengänge,a2-m5,Geld & Behörden,aemter,absender,Absender,noun,der,Absender,sender,Der Absender steht links oben.,,,,,,,,,16349,,
A2,a2-13,Post & Behördengänge,a2-m5,Geld & Behörden,aemter,empfaenger,Empfänger,noun,der,Empfänger,recipient,Der Empfänger war nicht zu Hause.,,,,,,,,,11979,,
A2,a2-13,Post & Behördengänge,a2-m5,Geld & Behörden,aemter,postleitzahl,Postleitzahl,noun,die,Postleitzahlen,postcode,Die Postleitzahl von München ist 80331.,,,,,,,,,35817,,
A2,a2-13,Post & Behördengänge,a2-m5,Geld & Behörden,aemter,einschreiben,Einschreiben,noun,das,Einschreiben,registered letter,Schicken Sie die Kündigung per Einschreiben.,,,,,,,,,19825,,
A2,a2-13,Post & Behördengänge,a2-m5,Geld & Behörden,aemter,porto,Porto,noun,das,Portos,postage,Das Porto ist wieder teurer geworden.,,,,,,,,,37655,,
A2,a2-13,Post & Behördengänge,a2-m5,Geld & Behörden,aemter,schalter,Schalter,noun,der,Schalter,"counter, desk",Gehen Sie bitte zu Schalter drei.,,,,,,,,,6327,,
A2,a2-13,Post & Behördengänge,a2-m5,Geld & Behörden,aemter,postbote,Postbote,noun,der,Postboten,postman,Der Postbote kommt gegen elf Uhr.,,,,,,,,,17186,,
A2,a2-13,Post & Behördengänge,a2-m5,Geld & Behörden,aemter,sendung,Sendung,noun,die,Sendungen,"consignment, shipment",Ihre Sendung ist unterwegs.,,,,,,,,,2670,,
A2,a2-13,Post & Behördengänge,a2-m5,Geld & Behörden,aemter,bescheinigung,Bescheinigung,noun,die,Bescheinigungen,"certificate, confirmation",Ich brauche eine Bescheinigung vom Arbeitgeber.,,,,,,,,,39731,,
A2,a2-13,Post & Behördengänge,a2-m5,Geld & Behörden,aemter,bescheid,Bescheid,noun,der,Bescheide,"official notice, decision",Der Bescheid kommt in zwei Wochen.,,,,,,,,,989,,
A2,a2-13,Post & Behördengänge,a2-m5,Geld & Behörden,aemter,vollmacht,Vollmacht,noun,die,Vollmachten,power of attorney,Ohne Vollmacht kann ich das nicht abholen.,,,,,,,,,15579,,
A2,a2-13,Post & Behördengänge,a2-m5,Geld & Behörden,aemter,beglaubigung,Beglaubigung,noun,die,Beglaubigungen,certification,Die Beglaubigung kostet fünf Euro.,,,,,,,,,,,
A2,a2-13,Post & Behördengänge,a2-m5,Geld & Behörden,aemter,meldebescheinigung,Meldebescheinigung,noun,die,Meldebescheinigungen,registration certificate,Die Meldebescheinigung bekommen Sie im Bürgeramt.,,,,,,,,,,,
A2,a2-13,Post & Behördengänge,a2-m5,Geld & Behörden,aemter,wohnsitz,Wohnsitz,noun,der,Wohnsitze,place of residence,Mein Wohnsitz ist seit Mai in Köln.,,,,,,,,,19615,,
A2,a2-13,Post & Behördengänge,a2-m5,Geld & Behörden,aemter,nachweis,Nachweis,noun,der,Nachweise,"proof, evidence",Bitte bringen Sie einen Nachweis über Ihr Einkommen mit.,,,,,,,,,28090,,
A2,a2-13,Post & Behördengänge,a2-m5,Geld & Behörden,aemter,verschicken,verschicken,verb,,,to send off,Ich habe das Paket gestern verschickt.,verschickt|verschickte|verschickt,haben,,,,,,,16865,,
A2,a2-13,Post & Behördengänge,a2-m5,Geld & Behörden,aemter,zustellen,zustellen,verb,,,to deliver,Der Brief wurde gestern zugestellt.,stellt zu|stellte zu|zugestellt,haben,true,,,,,,38447,,
A2,a2-13,Post & Behördengänge,a2-m5,Geld & Behörden,aemter,ummelden,ummelden,verb,,,to re-register,Nach dem Umzug muss man sich ummelden.,meldet um|meldete um|umgemeldet,haben,true,,,,,,,,
A2,a2-13,Post & Behördengänge,a2-m5,Geld & Behörden,aemter,bestaetigen,bestätigen,verb,,,to confirm,Bitte bestätigen Sie den Termin.,bestätigt|bestätigte|bestätigt,haben,,,,,,,2856,,
A2,a2-13,Post & Behördengänge,a2-m5,Geld & Behörden,aemter,benoetigen,benötigen,verb,,,to require,Wir benötigen noch eine Kopie Ihres Passes.,benötigt|benötigte|benötigt,haben,,,,,,,4376,,
A2,a2-14,Versicherungen,a2-m5,Geld & Behörden,geld|aemter,versicherung,Versicherung,noun,die,Versicherungen,insurance,Die Versicherung zahlt den Schaden.,,,,,,,,,3710,,
A2,a2-14,Versicherungen,a2-m5,Geld & Behörden,geld|aemter,krankenversicherung,Krankenversicherung,noun,die,Krankenversicherungen,health insurance,In Deutschland ist die Krankenversicherung Pflicht.,,,,,,,,,16303,,
A2,a2-14,Versicherungen,a2-m5,Geld & Behörden,geld|aemter,haftpflichtversicherung,Haftpflichtversicherung,noun,die,Haftpflichtversicherungen,liability insurance,Eine Haftpflichtversicherung sollte jeder haben.,,,,,,,,,,,
A2,a2-14,Versicherungen,a2-m5,Geld & Behörden,geld|aemter,rentenversicherung,Rentenversicherung,noun,die,Rentenversicherungen,pension insurance,Die Rentenversicherung wird vom Lohn abgezogen.,,,,,,,,,,,
A2,a2-14,Versicherungen,a2-m5,Geld & Behörden,geld|aemter,arbeitslosenversicherung,Arbeitslosenversicherung,noun,die,Arbeitslosenversicherungen,unemployment insurance,Die Arbeitslosenversicherung zahlt für ein Jahr.,,,,,,,,,,,
A2,a2-14,Versicherungen,a2-m5,Geld & Behörden,geld|aemter,beitrag,Beitrag,noun,der,Beiträge,"contribution, premium",Der Beitrag steigt jedes Jahr.,,,,,,,,,6993,,
A2,a2-14,Versicherungen,a2-m5,Geld & Behörden,geld|aemter,rente,Rente,noun,die,Renten,pension,Mit 67 bekommt man die Rente.,,,,,,,,,5429,,
A2,a2-14,Versicherungen,a2-m5,Geld & Behörden,geld|aemter,schaden,Schaden,noun,der,Schäden,damage,Der Schaden am Auto war groß.,,,,,,,,,1566,,
A2,a2-14,Versicherungen,a2-m5,Geld & Behörden,geld|aemter,police,Police,noun,die,Policen,policy,Die Police liegt in meinen Unterlagen.,,,,,,,,,6900,,
A2,a2-14,Versicherungen,a2-m5,Geld & Behörden,geld|aemter,vertrag,Vertrag,noun,der,Verträge,contract,Der Vertrag läuft zwei Jahre.,,,,,,,,,1946,,
A2,a2-14,Versicherungen,a2-m5,Geld & Behörden,geld|aemter,laufzeit,Laufzeit,noun,die,Laufzeiten,"term, duration",Die Laufzeit beträgt zwölf Monate.,,,,,,,,,,,
A2,a2-14,Versicherungen,a2-m5,Geld & Behörden,geld|aemter,leistung,Leistung,noun,die,Leistungen,"benefit, service",Welche Leistungen sind im Tarif enthalten?,,,,,,,,,4826,,
A2,a2-14,Versicherungen,a2-m5,Geld & Behörden,geld|aemter,zuzahlung,Zuzahlung,noun,die,Zuzahlungen,co-payment,Für Medikamente gibt es eine kleine Zuzahlung.,,,,,,,,,,,
A2,a2-14,Versicherungen,a2-m5,Geld & Behörden,geld|aemter,selbstbeteiligung,Selbstbeteiligung,noun,die,Selbstbeteiligungen,"excess, deductible",Die Selbstbeteiligung beträgt 300 Euro.,,,,,,,,,,,
A2,a2-14,Versicherungen,a2-m5,Geld & Behörden,geld|aemter,sozialversicherung,Sozialversicherung,noun,die,Sozialversicherungen,social insurance,Die Sozialversicherung zahlen Arbeitgeber und Arbeitnehmer.,,,,,,,,,34961,,
A2,a2-14,Versicherungen,a2-m5,Geld & Behörden,geld|aemter,arbeitslosengeld,Arbeitslosengeld,noun,das,,unemployment benefit,Er bekommt seit März Arbeitslosengeld.,,,,,,,,,43996,,
A2,a2-14,Versicherungen,a2-m5,Geld & Behörden,geld|aemter,kindergeld,Kindergeld,noun,das,,child benefit,Das Kindergeld kommt jeden Monat.,,,,,,,,,,,
A2,a2-14,Versicherungen,a2-m5,Geld & Behörden,geld|aemter,elterngeld,Elterngeld,noun,das,,parental allowance,Elterngeld bekommt man bis zu 14 Monate.,,,,,,,,,,,
A2,a2-14,Versicherungen,a2-m5,Geld & Behörden,geld|aemter,steuer,Steuer,noun,die,Steuern,tax,Von meinem Gehalt gehen viele Steuern ab.,,,,,,,,,4051,,
A2,a2-14,Versicherungen,a2-m5,Geld & Behörden,geld|aemter,versichern,versichern,verb,,,to insure,Ich bin bei der AOK versichert.,versichert|versicherte|versichert,haben,,,,,,,6189,,
A2,a2-14,Versicherungen,a2-m5,Geld & Behörden,geld|aemter,zahlen,zahlen,verb,,,to pay,Ich zahle monatlich 120 Euro.,zahlt|zahlte|gezahlt,haben,,,,,,,1001,,
A2,a2-14,Versicherungen,a2-m5,Geld & Behörden,geld|aemter,melden,melden,verb,,,"to report, to notify",Melden Sie den Schaden sofort.,meldet|meldete|gemeldet,haben,,,,,,,1426,,
A2,a2-14,Versicherungen,a2-m5,Geld & Behörden,geld|aemter,beraten,beraten,verb,,,to advise,Die Mitarbeiterin hat mich gut beraten.,berät|beriet|beraten,haben,,,,,,,7292,,
A2,a2-14,Versicherungen,a2-m5,Geld & Behörden,geld|aemter,gesetzlich,gesetzlich,adj,,,"statutory, by law",Ich bin gesetzlich krankenversichert.,,,,,,,,,18031,,
A2,a2-14,Versicherungen,a2-m5,Geld & Behörden,geld|aemter,privat,privat,adj,,,private,Er ist privat versichert.,,,,,,,,,4442,,
A2,a2-15,Telefonieren & E-Mail,a2-m6,Kommunikation,kommunikation,telefon,Telefon,noun,das,Telefone,telephone,Das Telefon klingelt schon wieder.,,,,,,,,,633,,
A2,a2-15,Telefonieren & E-Mail,a2-m6,Kommunikation,kommunikation,handy,Handy,noun,das,Handys,mobile phone,Mein Handy ist fast leer.,,,,,,,,,899,,
A2,a2-15,Telefonieren & E-Mail,a2-m6,Kommunikation,kommunikation,anruf,Anruf,noun,der,Anrufe,call,Ich hatte drei Anrufe in Abwesenheit.,,,,,,,,,1205,,
A2,a2-15,Telefonieren & E-Mail,a2-m6,Kommunikation,kommunikation,nachricht,Nachricht,noun,die,Nachrichten,"message, news",Ich schicke dir gleich eine Nachricht.,,,,,,,,,773,,
A2,a2-15,Telefonieren & E-Mail,a2-m6,Kommunikation,kommunikation,mailbox,Mailbox,noun,die,Mailboxen,voicemail,Sprechen Sie bitte auf die Mailbox.,,,,,,,,,8347,,
A2,a2-15,Telefonieren & E-Mail,a2-m6,Kommunikation,kommunikation,vorwahl,Vorwahl,noun,die,Vorwahlen,dialling code,Die Vorwahl von Berlin ist 030.,,,,,,,,,21662,,
A2,a2-15,Telefonieren & E-Mail,a2-m6,Kommunikation,kommunikation,anrufbeantworter,Anrufbeantworter,noun,der,Anrufbeantworter,answering machine,Auf dem Anrufbeantworter war keine Nachricht.,,,,,,,,,8504,,
A2,a2-15,Telefonieren & E-Mail,a2-m6,Kommunikation,kommunikation,e-mail,E-Mail,noun,die,E-Mails,email,Ich habe Ihnen eine E-Mail geschickt.,,,,,,,,,5072,,
A2,a2-15,Telefonieren & E-Mail,a2-m6,Kommunikation,kommunikation,betreff,Betreff,noun,der,Betreffe,subject line,Schreiben Sie bitte einen klaren Betreff.,,,,,,,,,36019,,
A2,a2-15,Telefonieren & E-Mail,a2-m6,Kommunikation,kommunikation,anhang,Anhang,noun,der,Anhänge,attachment,Der Lebenslauf ist im Anhang.,,,,,,,,,26352,,
A2,a2-15,Telefonieren & E-Mail,a2-m6,Kommunikation,kommunikation,gruss,Gruß,noun,der,Grüße,greeting,"Mit freundlichen Grüßen, Ana Silva.",,,,,,,,,8851,,
A2,a2-15,Telefonieren & E-Mail,a2-m6,Kommunikation,kommunikation,anrede,Anrede,noun,die,Anreden,form of address,Die richtige Anrede ist wichtig.,,,,,,,,,47139,,
A2,a2-15,Telefonieren & E-Mail,a2-m6,Kommunikation,kommunikation,postfach,Postfach,noun,das,Postfächer,"mailbox, PO box",Mein Postfach ist voll.,,,,,,,,,21944,,
A2,a2-15,Telefonieren & E-Mail,a2-m6,Kommunikation,kommunikation,signal,Signal,noun,das,Signale,signal,Hier habe ich kein Signal.,,,,,,,,,2302,,
A2,a2-15,Telefonieren & E-Mail,a2-m6,Kommunikation,kommunikation,verbindung,Verbindung,noun,die,Verbindungen,connection,Die Verbindung ist sehr schlecht.,,,,,,,,,1115,,
A2,a2-15,Telefonieren & E-Mail,a2-m6,Kommunikation,kommunikation,guthaben,Guthaben,noun,das,Guthaben,"credit, balance",Mein Guthaben ist aufgebraucht.,,,,,,,,,31082,,
A2,a2-15,Telefonieren & E-Mail,a2-m6,Kommunikation,kommunikation,tarif,Tarif,noun,der,Tarife,"tariff, plan",Der Tarif kostet zehn Euro im Monat.,,,,,,,,,41084,,
A2,a2-15,Telefonieren & E-Mail,a2-m6,Kommunikation,kommunikation,sms,SMS,noun,die,SMS,text message,Schick mir bitte eine SMS.,,,,,,,,,3398,,
A2,a2-15,Telefonieren & E-Mail,a2-m6,Kommunikation,kommunikation,telefonieren,telefonieren,verb,,,to phone,Ich telefoniere gerade mit meiner Mutter.,telefoniert|telefonierte|telefoniert,haben,,,mit,dat,,,3453,,
A2,a2-15,Telefonieren & E-Mail,a2-m6,Kommunikation,kommunikation,zurueckrufen,zurückrufen,verb,,,to call back,Ich rufe Sie später zurück.,ruft zurück|rief zurück|zurückgerufen,haben,true,,,,,,5428,,
A2,a2-15,Telefonieren & E-Mail,a2-m6,Kommunikation,kommunikation,weiterleiten,weiterleiten,verb,,,to forward,Ich leite die E-Mail an den Chef weiter.,leitet weiter|leitete weiter|weitergeleitet,haben,true,,,,,,19453,,
A2,a2-15,Telefonieren & E-Mail,a2-m6,Kommunikation,kommunikation,auflegen,auflegen,verb,,,to hang up,Sie hat einfach aufgelegt.,legt auf|legte auf|aufgelegt,haben,true,,,,,,5200,,
A2,a2-15,Telefonieren & E-Mail,a2-m6,Kommunikation,kommunikation,erreichen,erreichen,verb,,,to reach,Ich konnte ihn nicht erreichen.,erreicht|erreichte|erreicht,haben,,,,,,,1182,,
A2,a2-15,Telefonieren & E-Mail,a2-m6,Kommunikation,kommunikation,durchkommen,durchkommen,verb,,,to get through,Ich komme bei der Hotline nicht durch.,kommt durch|kam durch|durchgekommen,sein,true,,,,,,8063,,
A2,a2-15,Telefonieren & E-Mail,a2-m6,Kommunikation,kommunikation,erreichbar,erreichbar,adj,,,"reachable, available",Ich bin ab acht Uhr erreichbar.,,,,,,,,,9653,,
A2,a2-16,Internet & Geräte,a2-m6,Kommunikation,technik|medien,internet,Internet,noun,das,,internet,Ohne Internet geht heute nichts mehr.,,,,,,,,,2803,,
A2,a2-16,Internet & Geräte,a2-m6,Kommunikation,technik|medien,computer,Computer,noun,der,Computer,computer,Mein Computer ist sehr langsam.,,,,,,,,,1231,,
A2,a2-16,Internet & Geräte,a2-m6,Kommunikation,technik|medien,laptop,Laptop,noun,der,Laptops,laptop,Der Laptop war ein Geschenk.,,,,,,,,,5746,,
A2,a2-16,Internet & Geräte,a2-m6,Kommunikation,technik|medien,tablet,Tablet,noun,das,Tablets,tablet,Die Kinder lernen mit dem Tablet.,,,,,,,,,29352,,
A2,a2-16,Internet & Geräte,a2-m6,Kommunikation,technik|medien,bildschirm,Bildschirm,noun,der,Bildschirme,screen,Der Bildschirm ist zu hell.,,,,,,,,,8343,,
A2,a2-16,Internet & Geräte,a2-m6,Kommunikation,technik|medien,tastatur,Tastatur,noun,die,Tastaturen,keyboard,Die deutsche Tastatur hat Umlaute.,,,,,,,,,19144,,
A2,a2-16,Internet & Geräte,a2-m6,Kommunikation,technik|medien,lautsprecher,Lautsprecher,noun,der,Lautsprecher,speaker,Der Lautsprecher ist zu leise.,,,,,,,,,5084,,
A2,a2-16,Internet & Geräte,a2-m6,Kommunikation,technik|medien,datei,Datei,noun,die,Dateien,file,Die Datei ist zu groß für die E-Mail.,,,,,,,,,8130,,
A2,a2-16,Internet & Geräte,a2-m6,Kommunikation,technik|medien,ordner,Ordner,noun,der,Ordner,folder,Leg das bitte in den Ordner Bewerbungen.,,,,,,,,,18489,,
A2,a2-16,Internet & Geräte,a2-m6,Kommunikation,technik|medien,passwort,Passwort,noun,das,Passwörter,password,Ich habe mein Passwort vergessen.,,,,,,,,,5869,,
A2,a2-16,Internet & Geräte,a2-m6,Kommunikation,technik|medien,benutzername,Benutzername,noun,der,Benutzernamen,username,Der Benutzername ist Ihre E-Mail-Adresse.,,,,,,,,,,,
A2,a2-16,Internet & Geräte,a2-m6,Kommunikation,technik|medien,webseite,Webseite,noun,die,Webseiten,website,Auf der Webseite finden Sie alle Termine.,,,,,,,,,13983,,
A2,a2-16,Internet & Geräte,a2-m6,Kommunikation,technik|medien,suchmaschine,Suchmaschine,noun,die,Suchmaschinen,search engine,Gib das einfach in eine Suchmaschine ein.,,,,,,,,,47934,,
A2,a2-16,Internet & Geräte,a2-m6,Kommunikation,technik|medien,app,App,noun,die,Apps,app,Die App ist kostenlos.,,,,,,,,,12858,,
A2,a2-16,Internet & Geräte,a2-m6,Kommunikation,technik|medien,programm,Programm,noun,das,Programme,program,Das Programm stürzt immer ab.,,,,,,,,,2114,,
A2,a2-16,Internet & Geräte,a2-m6,Kommunikation,technik|medien,speicher,Speicher,noun,der,Speicher,"memory, storage",Der Speicher ist voll.,,,,,,,,,12138,,
A2,a2-16,Internet & Geräte,a2-m6,Kommunikation,technik|medien,akku,Akku,noun,der,Akkus,battery,Der Akku hält nur noch zwei Stunden.,,,,,,,,,13052,,
A2,a2-16,Internet & Geräte,a2-m6,Kommunikation,technik|medien,ladegeraet,Ladegerät,noun,das,Ladegeräte,charger,Hast du ein Ladegerät dabei?,,,,,,,,,31387,,
A2,a2-16,Internet & Geräte,a2-m6,Kommunikation,technik|medien,wlan,WLAN,noun,das,,Wi-Fi,Wie ist das WLAN-Passwort?,,,,,,,,,24130,,
A2,a2-16,Internet & Geräte,a2-m6,Kommunikation,technik|medien,update,Update,noun,das,Updates,update,Das Update dauert zehn Minuten.,,,,,,,,,14902,,
A2,a2-16,Internet & Geräte,a2-m6,Kommunikation,technik|medien,herunterladen,herunterladen,verb,,,to download,Laden Sie das Formular hier herunter.,lädt herunter|lud herunter|heruntergeladen,haben,true,,,,,,48322,,
A2,a2-16,Internet & Geräte,a2-m6,Kommunikation,technik|medien,speichern,speichern,verb,,,to save,Hast du die Datei gespeichert?,speichert|speicherte|gespeichert,haben,,,,,,,17168,,
A2,a2-16,Internet & Geräte,a2-m6,Kommunikation,technik|medien,loeschen,löschen,verb,,,to delete,Ich habe die E-Mail aus Versehen gelöscht.,löscht|löschte|gelöscht,haben,,,,,,,4204,,
A2,a2-16,Internet & Geräte,a2-m6,Kommunikation,technik|medien,klicken,klicken,verb,,,to click,Klicken Sie auf den Link.,klickt|klickte|geklickt,haben,,,auf,akk,,,10681,,
A2,a2-16,Internet & Geräte,a2-m6,Kommunikation,technik|medien,installieren,installieren,verb,,,to install,Ich muss das Programm neu installieren.,installiert|installierte|installiert,haben,,,,,,,14033,,
A2,a2-17,Reklamation & Umtausch,a2-m6,Kommunikation,einkaufen,reklamation,Reklamation,noun,die,Reklamationen,complaint (about goods),Ihre Reklamation wird geprüft.,,,,,,,,,,,
A2,a2-17,Reklamation & Umtausch,a2-m6,Kommunikation,einkaufen,umtausch,Umtausch,noun,der,,exchange,Ein Umtausch ist bis 14 Tage möglich.,,,,,,,,,,,
A2,a2-17,Reklamation & Umtausch,a2-m6,Kommunikation,einkaufen,garantie,Garantie,noun,die,Garantien,guarantee,Auf das Gerät gibt es zwei Jahre Garantie.,,,,,,,,,7934,,
A2,a2-17,Reklamation & Umtausch,a2-m6,Kommunikation,einkaufen,gewaehrleistung,Gewährleistung,noun,die,Gewährleistungen,warranty,Die Gewährleistung gilt zwei Jahre.,,,,,,,,,,,
A2,a2-17,Reklamation & Umtausch,a2-m6,Kommunikation,einkaufen,mangel,Mangel,noun,der,Mängel,defect,Das Gerät hat einen Mangel.,,,,,,,,,6512,,
A2,a2-17,Reklamation & Umtausch,a2-m6,Kommunikation,einkaufen,fehler,Fehler,noun,der,Fehler,"mistake, fault",Hier ist ein Fehler in der Rechnung.,,,,,,,,,643,,
A2,a2-17,Reklamation & Umtausch,a2-m6,Kommunikation,einkaufen,kassenbon,Kassenbon,noun,der,Kassenbons,receipt,Ohne Kassenbon kein Umtausch.,,,,,,,,,,,
A2,a2-17,Reklamation & Umtausch,a2-m6,Kommunikation,einkaufen,rueckgabe,Rückgabe,noun,die,Rückgaben,return,Die Rückgabe ist kostenlos.,,,,,,,,,28156,,
A2,a2-17,Reklamation & Umtausch,a2-m6,Kommunikation,einkaufen,erstattung,Erstattung,noun,die,Erstattungen,refund,Die Erstattung dauert fünf Werktage.,,,,,,,,,,,
A2,a2-17,Reklamation & Umtausch,a2-m6,Kommunikation,einkaufen,gutschein,Gutschein,noun,der,Gutscheine,voucher,Sie bekommen einen Gutschein über 20 Euro.,,,,,,,,,18446,,
A2,a2-17,Reklamation & Umtausch,a2-m6,Kommunikation,einkaufen,ersatz,Ersatz,noun,der,,replacement,Wir schicken Ihnen kostenlos Ersatz.,,,,,,,,,5433,,
A2,a2-17,Reklamation & Umtausch,a2-m6,Kommunikation,einkaufen,lieferung,Lieferung,noun,die,Lieferungen,delivery,Die Lieferung kommt am Donnerstag.,,,,,,,,,3898,,
A2,a2-17,Reklamation & Umtausch,a2-m6,Kommunikation,einkaufen,verpackung,Verpackung,noun,die,Verpackungen,packaging,Die Verpackung war beschädigt.,,,,,,,,,18424,,
A2,a2-17,Reklamation & Umtausch,a2-m6,Kommunikation,einkaufen,ware,Ware,noun,die,Waren,"goods, merchandise",Die Ware ist leider nicht auf Lager.,,,,,,,,,3529,,
A2,a2-17,Reklamation & Umtausch,a2-m6,Kommunikation,einkaufen,qualitaet,Qualität,noun,die,Qualitäten,quality,Die Qualität ist wirklich gut.,,,,,,,,,6186,,
A2,a2-17,Reklamation & Umtausch,a2-m6,Kommunikation,einkaufen,kundendienst,Kundendienst,noun,der,Kundendienste,customer service,Rufen Sie bitte den Kundendienst an.,,,,,,,,,42577,,
A2,a2-17,Reklamation & Umtausch,a2-m6,Kommunikation,einkaufen,rabatt,Rabatt,noun,der,Rabatte,discount,Es gibt zehn Prozent Rabatt.,,,,,,,,,11811,,
A2,a2-17,Reklamation & Umtausch,a2-m6,Kommunikation,einkaufen,rechnungsnummer,Rechnungsnummer,noun,die,Rechnungsnummern,invoice number,Nennen Sie bitte Ihre Rechnungsnummer.,,,,,,,,,,,
A2,a2-17,Reklamation & Umtausch,a2-m6,Kommunikation,einkaufen,bestellnummer,Bestellnummer,noun,die,Bestellnummern,order number,Die Bestellnummer steht in der E-Mail.,,,,,,,,,,,
A2,a2-17,Reklamation & Umtausch,a2-m6,Kommunikation,einkaufen,umtauschen,umtauschen,verb,,,to exchange,Kann ich die Hose umtauschen?,tauscht um|tauschte um|umgetauscht,haben,true,,,,,,22595,,
A2,a2-17,Reklamation & Umtausch,a2-m6,Kommunikation,einkaufen,reklamieren,reklamieren,verb,,,"to complain about, to return",Ich möchte dieses Gerät reklamieren.,reklamiert|reklamierte|reklamiert,haben,,,,,,,,,
A2,a2-17,Reklamation & Umtausch,a2-m6,Kommunikation,einkaufen,zurueckgeben,zurückgeben,verb,,,to give back,Ich gebe die Schuhe zurück.,gibt zurück|gab zurück|zurückgegeben,haben,true,,,,,,4332,,
A2,a2-17,Reklamation & Umtausch,a2-m6,Kommunikation,einkaufen,liefern,liefern,verb,,,to deliver,Wir liefern innerhalb von drei Tagen.,liefert|lieferte|geliefert,haben,,,,,,,3009,,
A2,a2-17,Reklamation & Umtausch,a2-m6,Kommunikation,einkaufen,beschweren,beschweren,verb,,,to complain,Ich möchte mich über den Service beschweren.,beschwert|beschwerte|beschwert,haben,,true,über,akk,,,6002,,
A2,a2-17,Reklamation & Umtausch,a2-m6,Kommunikation,einkaufen,kaputt,kaputt,adj,,,broken,Das Gerät war schon beim Auspacken kaputt.,,,,,,,,,1298,,
A2,a2-18,Öffentlicher Verkehr & Tickets,a2-m7,Mobilität,verkehr,monatskarte,Monatskarte,noun,die,Monatskarten,monthly pass,Die Monatskarte lohnt sich für mich.,,,,,,,,,,,
A2,a2-18,Öffentlicher Verkehr & Tickets,a2-m7,Mobilität,verkehr,einzelfahrschein,Einzelfahrschein,noun,der,Einzelfahrscheine,single ticket,"Ein Einzelfahrschein kostet 3,50 Euro.",,,,,,,,,,,
A2,a2-18,Öffentlicher Verkehr & Tickets,a2-m7,Mobilität,verkehr,tageskarte,Tageskarte,noun,die,Tageskarten,day ticket,Für Touristen ist die Tageskarte günstiger.,,,,,,,,,,,
A2,a2-18,Öffentlicher Verkehr & Tickets,a2-m7,Mobilität,verkehr,entwerter,Entwerter,noun,der,Entwerter,ticket validator,Der Entwerter ist neben der Tür.,,,,,,,,,,,
A2,a2-18,Öffentlicher Verkehr & Tickets,a2-m7,Mobilität,verkehr,zone,Zone,noun,die,Zonen,zone,Der Flughafen liegt in Zone drei.,,,,,,,,,4018,,
A2,a2-18,Öffentlicher Verkehr & Tickets,a2-m7,Mobilität,verkehr,verspaetung,Verspätung,noun,die,Verspätungen,delay,Der Zug hat 20 Minuten Verspätung.,,,,,,,,,4521,,
A2,a2-18,Öffentlicher Verkehr & Tickets,a2-m7,Mobilität,verkehr,anschluss,Anschluss,noun,der,Anschlüsse,connection (transport),Ich habe meinen Anschluss verpasst.,,,,,,,,,9133,,
A2,a2-18,Öffentlicher Verkehr & Tickets,a2-m7,Mobilität,verkehr,abfahrt,Abfahrt,noun,die,Abfahrten,departure,Die Abfahrt ist um 14:32 Uhr.,,,,,,,,,9905,,
A2,a2-18,Öffentlicher Verkehr & Tickets,a2-m7,Mobilität,verkehr,ankunft,Ankunft,noun,die,Ankünfte,arrival,Die Ankunft ist für 18 Uhr geplant.,,,,,,,,,3947,,
A2,a2-18,Öffentlicher Verkehr & Tickets,a2-m7,Mobilität,verkehr,strecke,Strecke,noun,die,Strecken,"route, distance",Die Strecke ist heute gesperrt.,,,,,,,,,4063,,
A2,a2-18,Öffentlicher Verkehr & Tickets,a2-m7,Mobilität,verkehr,linie,Linie,noun,die,Linien,line,Nimm die Linie 4 bis zum Hauptbahnhof.,,,,,,,,,3277,,
A2,a2-18,Öffentlicher Verkehr & Tickets,a2-m7,Mobilität,verkehr,schaffner,Schaffner,noun,der,Schaffner,ticket inspector,Der Schaffner kontrolliert die Fahrkarten.,,,,,,,,,19732,,
A2,a2-18,Öffentlicher Verkehr & Tickets,a2-m7,Mobilität,verkehr,kontrolle,Kontrolle,noun,die,Kontrollen,"check, inspection",Heute war eine Kontrolle in der U-Bahn.,,,,,,,,,1094,,
A2,a2-18,Öffentlicher Verkehr & Tickets,a2-m7,Mobilität,verkehr,bussgeld,Bußgeld,noun,das,Bußgelder,fine,Ohne Ticket zahlt man 60 Euro Bußgeld.,,,,,,,,,30738,,
A2,a2-18,Öffentlicher Verkehr & Tickets,a2-m7,Mobilität,verkehr,sitzplatz,Sitzplatz,noun,der,Sitzplätze,seat,Ich habe einen Sitzplatz reserviert.,,,,,,,,,38686,,
A2,a2-18,Öffentlicher Verkehr & Tickets,a2-m7,Mobilität,verkehr,abteil,Abteil,noun,das,Abteile,compartment,Das Abteil war schon besetzt.,,,,,,,,,15955,,
A2,a2-18,Öffentlicher Verkehr & Tickets,a2-m7,Mobilität,verkehr,waggon,Waggon,noun,der,Waggons,carriage,Unsere Plätze sind im letzten Waggon.,,,,,,,,,20034,,
A2,a2-18,Öffentlicher Verkehr & Tickets,a2-m7,Mobilität,verkehr,automat,Automat,noun,der,Automaten,"machine, vending machine",Der Automat nimmt keine Scheine.,,,,,,,,,26944,,
A2,a2-18,Öffentlicher Verkehr & Tickets,a2-m7,Mobilität,verkehr,ermaessigung,Ermäßigung,noun,die,Ermäßigungen,"reduction, concession",Studenten bekommen eine Ermäßigung.,,,,,,,,,,,
A2,a2-18,Öffentlicher Verkehr & Tickets,a2-m7,Mobilität,verkehr,fahrgast,Fahrgast,noun,der,Fahrgäste,passenger,"Liebe Fahrgäste, bitte einsteigen!",,,,,,,,,30767,,
A2,a2-18,Öffentlicher Verkehr & Tickets,a2-m7,Mobilität,verkehr,entwerten,entwerten,verb,,,to validate (a ticket),"Vergiss nicht, den Fahrschein zu entwerten.",entwertet|entwertete|entwertet,haben,,,,,,,,,
A2,a2-18,Öffentlicher Verkehr & Tickets,a2-m7,Mobilität,verkehr,gelten,gelten,verb,,,to be valid,Das Ticket gilt für zwei Stunden.,gilt|galt|gegolten,haben,,,,,,,5964,,
A2,a2-18,Öffentlicher Verkehr & Tickets,a2-m7,Mobilität,verkehr,verpassen,verpassen,verb,,,to miss,Ich habe den letzten Bus verpasst.,verpasst|verpasste|verpasst,haben,,,,,,,2545,,
A2,a2-18,Öffentlicher Verkehr & Tickets,a2-m7,Mobilität,verkehr,halten,halten,verb,,,"to stop, to hold",Der Zug hält nicht in jedem Ort.,hält|hielt|gehalten,haben,,,,,,,331,,
A2,a2-18,Öffentlicher Verkehr & Tickets,a2-m7,Mobilität,verkehr,kostenpflichtig,kostenpflichtig,adj,,,subject to a charge,Die Sitzplatzreservierung ist kostenpflichtig.,,,,,,,,,,,
A2,a2-19,Auto & Führerschein,a2-m7,Mobilität,verkehr,fuehrerschein,Führerschein,noun,der,Führerscheine,driving licence,Ich mache gerade den Führerschein.,,,,,,,,,4158,,
A2,a2-19,Auto & Führerschein,a2-m7,Mobilität,verkehr,fahrschule,Fahrschule,noun,die,Fahrschulen,driving school,Die Fahrschule kostet über 2000 Euro.,,,,,,,,,43182,,
A2,a2-19,Auto & Führerschein,a2-m7,Mobilität,verkehr,fahrpruefung,Fahrprüfung,noun,die,Fahrprüfungen,driving test,Die Fahrprüfung ist nächsten Montag.,,,,,,,,,48664,,
A2,a2-19,Auto & Führerschein,a2-m7,Mobilität,verkehr,fahrstunde,Fahrstunde,noun,die,Fahrstunden,driving lesson,Ich hatte heute meine erste Fahrstunde.,,,,,,,,,45840,,
A2,a2-19,Auto & Führerschein,a2-m7,Mobilität,verkehr,kennzeichen,Kennzeichen,noun,das,Kennzeichen,number plate,Das Kennzeichen beginnt mit M.,,,,,,,,,6541,,
A2,a2-19,Auto & Führerschein,a2-m7,Mobilität,verkehr,reifen,Reifen,noun,der,Reifen,tyre,Im Winter brauche ich andere Reifen.,,,,,,,,,2985,,
A2,a2-19,Auto & Führerschein,a2-m7,Mobilität,verkehr,motor,Motor,noun,der,Motoren,engine,Der Motor macht ein komisches Geräusch.,,,,,,,,,2367,,
A2,a2-19,Auto & Führerschein,a2-m7,Mobilität,verkehr,bremse,Bremse,noun,die,Bremsen,brake,Die Bremsen müssen geprüft werden.,,,,,,,,,10439,,
A2,a2-19,Auto & Führerschein,a2-m7,Mobilität,verkehr,lenkrad,Lenkrad,noun,das,Lenkräder,steering wheel,Halten Sie das Lenkrad mit beiden Händen.,,,,,,,,,11455,,
A2,a2-19,Auto & Führerschein,a2-m7,Mobilität,verkehr,kofferraum,Kofferraum,noun,der,Kofferräume,"boot, trunk",Die Koffer sind im Kofferraum.,,,,,,,,,4300,,
A2,a2-19,Auto & Führerschein,a2-m7,Mobilität,verkehr,tankstelle,Tankstelle,noun,die,Tankstellen,petrol station,Die nächste Tankstelle ist in 20 Kilometern.,,,,,,,,,5951,,
A2,a2-19,Auto & Führerschein,a2-m7,Mobilität,verkehr,werkstatt,Werkstatt,noun,die,Werkstätten,"garage, workshop",Das Auto ist in der Werkstatt.,,,,,,,,,4858,,
A2,a2-19,Auto & Führerschein,a2-m7,Mobilität,verkehr,tuev,TÜV,noun,der,,vehicle inspection,Mein Auto muss zum TÜV.,,,,,,,,,,,
A2,a2-19,Auto & Führerschein,a2-m7,Mobilität,verkehr,geschwindigkeit,Geschwindigkeit,noun,die,Geschwindigkeiten,speed,Halten Sie die Geschwindigkeit ein.,,,,,,,,,4279,,
A2,a2-19,Auto & Führerschein,a2-m7,Mobilität,verkehr,autobahn,Autobahn,noun,die,Autobahnen,motorway,Auf der Autobahn war viel Verkehr.,,,,,,,,,8243,,
A2,a2-19,Auto & Führerschein,a2-m7,Mobilität,verkehr,kreuzung,Kreuzung,noun,die,Kreuzungen,crossroads,An der Kreuzung rechts abbiegen.,,,,,,,,,8330,,
A2,a2-19,Auto & Führerschein,a2-m7,Mobilität,verkehr,sicherheitsgurt,Sicherheitsgurt,noun,der,Sicherheitsgurte,seat belt,Legen Sie bitte den Sicherheitsgurt an.,,,,,,,,,26300,,
A2,a2-19,Auto & Führerschein,a2-m7,Mobilität,verkehr,beifahrer,Beifahrer,noun,der,Beifahrer,front passenger,Mein Beifahrer schläft immer ein.,,,,,,,,,28323,,
A2,a2-19,Auto & Führerschein,a2-m7,Mobilität,verkehr,panne,Panne,noun,die,Pannen,breakdown,Wir hatten eine Panne auf der Autobahn.,,,,,,,,,11399,,
A2,a2-19,Auto & Führerschein,a2-m7,Mobilität,verkehr,parkhaus,Parkhaus,noun,das,Parkhäuser,multi-storey car park,Das Parkhaus ist rund um die Uhr offen.,,,,,,,,,15369,,
A2,a2-19,Auto & Führerschein,a2-m7,Mobilität,verkehr,tanken,tanken,verb,,,to refuel,Ich muss noch tanken.,tankt|tankte|getankt,haben,,,,,,,11145,,
A2,a2-19,Auto & Führerschein,a2-m7,Mobilität,verkehr,bremsen,bremsen,verb,,,to brake,Er musste plötzlich bremsen.,bremst|bremste|gebremst,haben,,,,,,,5352,,
A2,a2-19,Auto & Führerschein,a2-m7,Mobilität,verkehr,ueberholen,überholen,verb,,,to overtake,Hier darf man nicht überholen.,überholt|überholte|überholt,haben,,,,,,,16652,,
A2,a2-19,Auto & Führerschein,a2-m7,Mobilität,verkehr,parken,parken,verb,,,to park,Wo kann ich hier parken?,parkt|parkte|geparkt,haben,,,,,,,6269,,
A2,a2-19,Auto & Führerschein,a2-m7,Mobilität,verkehr,abschleppen,abschleppen,verb,,,to tow away,Mein Auto wurde abgeschleppt.,schleppt ab|schleppte ab|abgeschleppt,haben,true,,,,,,16876,,
A2,a2-20,Reise: Hotel & Buchung,a2-m7,Mobilität,reisen,unterkunft,Unterkunft,noun,die,Unterkünfte,accommodation,Wir suchen eine günstige Unterkunft.,,,,,,,,,7629,,
A2,a2-20,Reise: Hotel & Buchung,a2-m7,Mobilität,reisen,ferienwohnung,Ferienwohnung,noun,die,Ferienwohnungen,holiday flat,Die Ferienwohnung hat eine kleine Küche.,,,,,,,,,,,
A2,a2-20,Reise: Hotel & Buchung,a2-m7,Mobilität,reisen,jugendherberge,Jugendherberge,noun,die,Jugendherbergen,youth hostel,In der Jugendherberge kostet die Nacht 25 Euro.,,,,,,,,,49801,,
A2,a2-20,Reise: Hotel & Buchung,a2-m7,Mobilität,reisen,uebernachtung,Übernachtung,noun,die,Übernachtungen,overnight stay,Der Preis gilt pro Übernachtung.,,,,,,,,,30449,,
A2,a2-20,Reise: Hotel & Buchung,a2-m7,Mobilität,reisen,halbpension,Halbpension,noun,die,,half board,Wir haben Halbpension gebucht.,,,,,,,,,,,
A2,a2-20,Reise: Hotel & Buchung,a2-m7,Mobilität,reisen,vollpension,Vollpension,noun,die,,full board,Vollpension ist uns zu teuer.,,,,,,,,,,,
A2,a2-20,Reise: Hotel & Buchung,a2-m7,Mobilität,reisen,fruehstuecksbuffet,Frühstücksbuffet,noun,das,Frühstücksbuffets,breakfast buffet,Das Frühstücksbuffet ist von 7 bis 10 Uhr.,,,,,,,,,,,
A2,a2-20,Reise: Hotel & Buchung,a2-m7,Mobilität,reisen,anreise,Anreise,noun,die,Anreisen,"arrival, journey there",Die Anreise dauert sechs Stunden.,,,,,,,,,48264,,
A2,a2-20,Reise: Hotel & Buchung,a2-m7,Mobilität,reisen,abreise,Abreise,noun,die,Abreisen,departure,Am Tag der Abreise regnete es.,,,,,,,,,8410,,
A2,a2-20,Reise: Hotel & Buchung,a2-m7,Mobilität,reisen,zimmerschluessel,Zimmerschlüssel,noun,der,Zimmerschlüssel,room key,Geben Sie den Zimmerschlüssel bitte ab.,,,,,,,,,36519,,
A2,a2-20,Reise: Hotel & Buchung,a2-m7,Mobilität,reisen,klimaanlage,Klimaanlage,noun,die,Klimaanlagen,air conditioning,Das Zimmer hat eine Klimaanlage.,,,,,,,,,8398,,
A2,a2-20,Reise: Hotel & Buchung,a2-m7,Mobilität,reisen,stornierung,Stornierung,noun,die,Stornierungen,cancellation,Die Stornierung ist bis 24 Stunden vorher kostenlos.,,,,,,,,,,,
A2,a2-20,Reise: Hotel & Buchung,a2-m7,Mobilität,reisen,anzahlung,Anzahlung,noun,die,Anzahlungen,"deposit, down payment",Wir bitten um eine Anzahlung von 50 Euro.,,,,,,,,,10094,,
A2,a2-20,Reise: Hotel & Buchung,a2-m7,Mobilität,reisen,empfang,Empfang,noun,der,Empfänge,reception,Am Empfang bekommen Sie einen Stadtplan.,,,,,,,,,3124,,
A2,a2-20,Reise: Hotel & Buchung,a2-m7,Mobilität,reisen,reisebuero,Reisebüro,noun,das,Reisebüros,travel agency,Wir haben im Reisebüro gebucht.,,,,,,,,,19704,,
A2,a2-20,Reise: Hotel & Buchung,a2-m7,Mobilität,reisen,reisefuehrer,Reiseführer,noun,der,Reiseführer,"guidebook, tour guide",Im Reiseführer steht alles über die Altstadt.,,,,,,,,,26208,,
A2,a2-20,Reise: Hotel & Buchung,a2-m7,Mobilität,reisen,sehenswuerdigkeit,Sehenswürdigkeit,noun,die,Sehenswürdigkeiten,"sight, attraction",Der Dom ist die bekannteste Sehenswürdigkeit.,,,,,,,,,,,
A2,a2-20,Reise: Hotel & Buchung,a2-m7,Mobilität,reisen,ausflug,Ausflug,noun,der,Ausflüge,"excursion, day trip",Am Sonntag machen wir einen Ausflug.,,,,,,,,,4366,,
A2,a2-20,Reise: Hotel & Buchung,a2-m7,Mobilität,reisen,rundfahrt,Rundfahrt,noun,die,Rundfahrten,sightseeing tour,Die Rundfahrt dauert zwei Stunden.,,,,,,,,,49454,,
A2,a2-20,Reise: Hotel & Buchung,a2-m7,Mobilität,reisen,uebernachten,übernachten,verb,,,to stay overnight,Wir übernachten bei Freunden.,übernachtet|übernachtete|übernachtet,haben,,,,,,,5181,,
A2,a2-20,Reise: Hotel & Buchung,a2-m7,Mobilität,reisen,stornieren,stornieren,verb,,,to cancel,Ich musste die Reise stornieren.,storniert|stornierte|storniert,haben,,,,,,,31228,,
A2,a2-20,Reise: Hotel & Buchung,a2-m7,Mobilität,reisen,einchecken,einchecken,verb,,,to check in,Sie können ab 15 Uhr einchecken.,checkt ein|checkte ein|eingecheckt,haben,true,,,,,,22637,,
A2,a2-20,Reise: Hotel & Buchung,a2-m7,Mobilität,reisen,auschecken,auschecken,verb,,,to check out,Wir checken morgen früh aus.,checkt aus|checkte aus|ausgecheckt,haben,true,,,,,,38438,,
A2,a2-20,Reise: Hotel & Buchung,a2-m7,Mobilität,reisen,besichtigen,besichtigen,verb,,,"to visit, to view",Wir haben das Schloss besichtigt.,besichtigt|besichtigte|besichtigt,haben,,,,,,,16501,,
A2,a2-20,Reise: Hotel & Buchung,a2-m7,Mobilität,reisen,zentral,zentral,adj,,,central,Das Hotel liegt sehr zentral.,,,,,,,zentraler,am zentralsten,37315,,
A2,a2-21,Feste & Feiertage,a2-m8,Kultur & Freizeit,kultur,fest,Fest,noun,das,Feste,"celebration, festival",Das Fest dauert bis Mitternacht.,,,,,,,,,608,,
A2,a2-21,Feste & Feiertage,a2-m8,Kultur & Freizeit,kultur,feiertag,Feiertag,noun,der,Feiertage,public holiday,Der 3. Oktober ist ein Feiertag.,,,,,,,,,10618,,
A2,a2-21,Feste & Feiertage,a2-m8,Kultur & Freizeit,kultur,weihnachten,Weihnachten,noun,das,,Christmas,An Weihnachten sind alle Geschäfte zu.,,,,,,,,,1234,,
A2,a2-21,Feste & Feiertage,a2-m8,Kultur & Freizeit,kultur,ostern,Ostern,noun,das,,Easter,Zu Ostern verstecken wir Eier im Garten.,,,,,,,,,11555,,
A2,a2-21,Feste & Feiertage,a2-m8,Kultur & Freizeit,kultur,silvester,Silvester,noun,das,,New Year's Eve,An Silvester gibt es überall Feuerwerk.,,,,,,,,,9979,,
A2,a2-21,Feste & Feiertage,a2-m8,Kultur & Freizeit,kultur,neujahr,Neujahr,noun,das,,New Year,Ein gutes Neujahr!,,,,,,,,,16127,,
A2,a2-21,Feste & Feiertage,a2-m8,Kultur & Freizeit,kultur,hochzeit,Hochzeit,noun,die,Hochzeiten,wedding,Die Hochzeit ist im September.,,,,,,,,,1028,,
A2,a2-21,Feste & Feiertage,a2-m8,Kultur & Freizeit,kultur,taufe,Taufe,noun,die,Taufen,christening,Wir sind zur Taufe eingeladen.,,,,,,,,,9999,,
A2,a2-21,Feste & Feiertage,a2-m8,Kultur & Freizeit,kultur,karneval,Karneval,noun,der,,carnival,In Köln ist Karneval sehr wichtig.,,,,,,,,,14387,,
A2,a2-21,Feste & Feiertage,a2-m8,Kultur & Freizeit,kultur,oktoberfest,Oktoberfest,noun,das,,Oktoberfest,Das Oktoberfest beginnt Ende September.,,,,,,,,,42695,,
A2,a2-21,Feste & Feiertage,a2-m8,Kultur & Freizeit,kultur,adventskalender,Adventskalender,noun,der,Adventskalender,advent calendar,Die Kinder öffnen jeden Tag den Adventskalender.,,,,,,,,,,,
A2,a2-21,Feste & Feiertage,a2-m8,Kultur & Freizeit,kultur,weihnachtsbaum,Weihnachtsbaum,noun,der,Weihnachtsbäume,Christmas tree,Der Weihnachtsbaum steht im Wohnzimmer.,,,,,,,,,14238,,
A2,a2-21,Feste & Feiertage,a2-m8,Kultur & Freizeit,kultur,kerze,Kerze,noun,die,Kerzen,candle,Zünde bitte die Kerzen an.,,,,,,,,,7059,,
A2,a2-21,Feste & Feiertage,a2-m8,Kultur & Freizeit,kultur,feuerwerk,Feuerwerk,noun,das,Feuerwerke,fireworks,Das Feuerwerk war wunderschön.,,,,,,,,,7111,,
A2,a2-21,Feste & Feiertage,a2-m8,Kultur & Freizeit,kultur,tradition,Tradition,noun,die,Traditionen,tradition,Das ist eine alte Tradition bei uns.,,,,,,,,,4215,,
A2,a2-21,Feste & Feiertage,a2-m8,Kultur & Freizeit,kultur,brauch,Brauch,noun,der,Bräuche,custom,Jede Region hat eigene Bräuche.,,,,,,,,,1443,,
A2,a2-21,Feste & Feiertage,a2-m8,Kultur & Freizeit,kultur,glueckwunsch,Glückwunsch,noun,der,Glückwünsche,congratulation,Herzlichen Glückwunsch zum Geburtstag!,,,,,,,,,1377,,
A2,a2-21,Feste & Feiertage,a2-m8,Kultur & Freizeit,kultur,torte,Torte,noun,die,Torten,"cake, gateau",Die Torte hat meine Schwester gebacken.,,,,,,,,,6100,,
A2,a2-21,Feste & Feiertage,a2-m8,Kultur & Freizeit,kultur,dekoration,Dekoration,noun,die,Dekorationen,decoration,Die Dekoration im Saal war sehr schön.,,,,,,,,,16913,,
A2,a2-21,Feste & Feiertage,a2-m8,Kultur & Freizeit,kultur,gottesdienst,Gottesdienst,noun,der,Gottesdienste,church service,Der Gottesdienst beginnt um zehn.,,,,,,,,,12179,,
A2,a2-21,Feste & Feiertage,a2-m8,Kultur & Freizeit,kultur,feiern,feiern,verb,,,to celebrate,Wir feiern heute meinen Geburtstag.,feiert|feierte|gefeiert,haben,,,,,,,1350,,
A2,a2-21,Feste & Feiertage,a2-m8,Kultur & Freizeit,kultur,gratulieren,gratulieren,verb,,,to congratulate,Ich gratuliere dir zur Prüfung!,gratuliert|gratulierte|gratuliert,haben,,,,dat,,,6552,,
A2,a2-21,Feste & Feiertage,a2-m8,Kultur & Freizeit,kultur,schenken,schenken,verb,,,to give (as a present),Was schenkst du deiner Mutter?,schenkt|schenkte|geschenkt,haben,,,,,,,2991,,
A2,a2-21,Feste & Feiertage,a2-m8,Kultur & Freizeit,kultur,stattfinden,stattfinden,verb,,,to take place,Das Fest findet im Hof statt.,findet statt|fand statt|stattgefunden,haben,true,,,,,,5858,,
A2,a2-21,Feste & Feiertage,a2-m8,Kultur & Freizeit,kultur,festlich,festlich,adj,,,festive,Alle waren festlich angezogen.,,,,,,,festlicher,am festlichsten,33395,,
A2,a2-22,Sport & Bewegung,a2-m8,Kultur & Freizeit,freizeit,mannschaft,Mannschaft,noun,die,Mannschaften,team,Unsere Mannschaft hat drei zu eins gewonnen.,,,,,,,,,4541,,
A2,a2-22,Sport & Bewegung,a2-m8,Kultur & Freizeit,freizeit,training,Training,noun,das,Trainings,training,Das Training ist dienstags und donnerstags.,,,,,,,,,3165,,
A2,a2-22,Sport & Bewegung,a2-m8,Kultur & Freizeit,freizeit,trainer,Trainer,noun,der,Trainer,coach,"Der Trainer ist streng, aber fair.",,,,,,,,,4181,,
A2,a2-22,Sport & Bewegung,a2-m8,Kultur & Freizeit,freizeit,wettkampf,Wettkampf,noun,der,Wettkämpfe,competition,Der Wettkampf findet in Hamburg statt.,,,,,,,,,8419,,
A2,a2-22,Sport & Bewegung,a2-m8,Kultur & Freizeit,freizeit,turnier,Turnier,noun,das,Turniere,tournament,Beim Turnier waren zwölf Mannschaften dabei.,,,,,,,,,8044,,
A2,a2-22,Sport & Bewegung,a2-m8,Kultur & Freizeit,freizeit,meisterschaft,Meisterschaft,noun,die,Meisterschaften,championship,Sie haben die Meisterschaft gewonnen.,,,,,,,,,12787,,
A2,a2-22,Sport & Bewegung,a2-m8,Kultur & Freizeit,freizeit,tor,Tor,noun,das,Tore,"goal, gate",In der letzten Minute fiel das Tor.,,,,,,,,,1768,,
A2,a2-22,Sport & Bewegung,a2-m8,Kultur & Freizeit,freizeit,sieg,Sieg,noun,der,Siege,victory,Das war ein klarer Sieg.,,,,,,,,,2065,,
A2,a2-22,Sport & Bewegung,a2-m8,Kultur & Freizeit,freizeit,niederlage,Niederlage,noun,die,Niederlagen,defeat,Nach der Niederlage waren alle still.,,,,,,,,,6732,,
A2,a2-22,Sport & Bewegung,a2-m8,Kultur & Freizeit,freizeit,fitnessstudio,Fitnessstudio,noun,das,Fitnessstudios,gym,Ich gehe dreimal pro Woche ins Fitnessstudio.,,,,,,,,,13090,,
A2,a2-22,Sport & Bewegung,a2-m8,Kultur & Freizeit,freizeit,halle,Halle,noun,die,Hallen,"hall, indoor arena",Im Winter trainieren wir in der Halle.,,,,,,,,,6214,,
A2,a2-22,Sport & Bewegung,a2-m8,Kultur & Freizeit,freizeit,stadion,Stadion,noun,das,Stadien,stadium,Das Stadion war ausverkauft.,,,,,,,,,9558,,
A2,a2-22,Sport & Bewegung,a2-m8,Kultur & Freizeit,freizeit,zuschauer,Zuschauer,noun,der,Zuschauer,spectator,Über 50.000 Zuschauer waren da.,,,,,,,,,4486,,
A2,a2-22,Sport & Bewegung,a2-m8,Kultur & Freizeit,freizeit,schiedsrichter,Schiedsrichter,noun,der,Schiedsrichter,referee,Der Schiedsrichter hat nicht gut gepfiffen.,,,,,,,,,11693,,
A2,a2-22,Sport & Bewegung,a2-m8,Kultur & Freizeit,freizeit,mitglied,Mitglied,noun,das,Mitglieder,member,Ich bin seit zwei Jahren Mitglied im Verein.,,,,,,,,,2763,,
A2,a2-22,Sport & Bewegung,a2-m8,Kultur & Freizeit,freizeit,ausdauer,Ausdauer,noun,die,,"stamina, endurance",Für einen Marathon braucht man Ausdauer.,,,,,,,,,15072,,
A2,a2-22,Sport & Bewegung,a2-m8,Kultur & Freizeit,freizeit,muskel,Muskel,noun,der,Muskeln,muscle,Nach dem Training tun mir alle Muskeln weh.,,,,,,,,,16506,,
A2,a2-22,Sport & Bewegung,a2-m8,Kultur & Freizeit,freizeit,bewegung,Bewegung,noun,die,Bewegungen,"movement, exercise",Jeder braucht täglich Bewegung.,,,,,,,,,995,,
A2,a2-22,Sport & Bewegung,a2-m8,Kultur & Freizeit,freizeit,yoga,Yoga,noun,das,,yoga,Yoga hilft mir gegen Stress.,,,,,,,,,10507,,
A2,a2-22,Sport & Bewegung,a2-m8,Kultur & Freizeit,freizeit,trainieren,trainieren,verb,,,to train,Wir trainieren zweimal pro Woche.,trainiert|trainierte|trainiert,haben,,,,,,,4110,,
A2,a2-22,Sport & Bewegung,a2-m8,Kultur & Freizeit,freizeit,joggen,joggen,verb,,,to jog,Ich jogge jeden Morgen im Park.,joggt|joggte|gejoggt,sein,,,,,,,11058,,
A2,a2-22,Sport & Bewegung,a2-m8,Kultur & Freizeit,freizeit,siegen,siegen,verb,,,"to win, to be victorious",Am Ende hat die jüngere Mannschaft gesiegt.,siegt|siegte|gesiegt,haben,,,,,,,6546,,
A2,a2-22,Sport & Bewegung,a2-m8,Kultur & Freizeit,freizeit,bewegen,bewegen,verb,,,to move,Du musst dich mehr bewegen.,bewegt|bewegte|bewegt,haben,,true,,,,,1278,,
A2,a2-22,Sport & Bewegung,a2-m8,Kultur & Freizeit,freizeit,dehnen,dehnen,verb,,,to stretch,Dehne dich vor dem Laufen.,dehnt|dehnte|gedehnt,haben,,true,,,,,23486,,
A2,a2-22,Sport & Bewegung,a2-m8,Kultur & Freizeit,freizeit,sportlich,sportlich,adj,,,"sporty, athletic",Meine Schwester ist sehr sportlich.,,,,,,,sportlicher,am sportlichsten,17482,,
A2,a2-23,"Musik, Film & Lesen",a2-m8,Kultur & Freizeit,freizeit|medien,roman,Roman,noun,der,Romane,novel,Der Roman hat 400 Seiten.,,,,,,,,,3116,,
A2,a2-23,"Musik, Film & Lesen",a2-m8,Kultur & Freizeit,freizeit|medien,geschichte,Geschichte,noun,die,Geschichten,"story, history",Erzähl mir die Geschichte noch einmal.,,,,,,,,,496,,
A2,a2-23,"Musik, Film & Lesen",a2-m8,Kultur & Freizeit,freizeit|medien,autor,Autor,noun,der,Autoren,author,Der Autor kommt aus Österreich.,,,,,,,,,4644,,
A2,a2-23,"Musik, Film & Lesen",a2-m8,Kultur & Freizeit,freizeit|medien,titel,Titel,noun,der,Titel,title,Den Titel habe ich vergessen.,,,,,,,,,3128,,
A2,a2-23,"Musik, Film & Lesen",a2-m8,Kultur & Freizeit,freizeit|medien,kapitel,Kapitel,noun,das,Kapitel,chapter,Lies bitte das erste Kapitel.,,,,,,,,,3982,,
A2,a2-23,"Musik, Film & Lesen",a2-m8,Kultur & Freizeit,freizeit|medien,seite,Seite,noun,die,Seiten,"page, side",Wir sind auf Seite zwölf.,,,,,,,,,533,,
A2,a2-23,"Musik, Film & Lesen",a2-m8,Kultur & Freizeit,freizeit|medien,verlag,Verlag,noun,der,Verlage,publisher,Das Buch ist bei einem kleinen Verlag erschienen.,,,,,,,,,14461,,
A2,a2-23,"Musik, Film & Lesen",a2-m8,Kultur & Freizeit,freizeit|medien,zeitschrift,Zeitschrift,noun,die,Zeitschriften,magazine,Die Zeitschrift kommt jeden Monat.,,,,,,,,,8291,,
A2,a2-23,"Musik, Film & Lesen",a2-m8,Kultur & Freizeit,freizeit|medien,serie,Serie,noun,die,Serien,series,Die Serie hat vier Staffeln.,,,,,,,,,3071,,
A2,a2-23,"Musik, Film & Lesen",a2-m8,Kultur & Freizeit,freizeit|medien,schauspieler,Schauspieler,noun,der,Schauspieler,actor,Der Schauspieler ist in Deutschland sehr bekannt.,,,,,,,,,2612,,
A2,a2-23,"Musik, Film & Lesen",a2-m8,Kultur & Freizeit,freizeit|medien,regisseur,Regisseur,noun,der,Regisseure,director,Wer ist der Regisseur von diesem Film?,,,,,,,,,4694,,
A2,a2-23,"Musik, Film & Lesen",a2-m8,Kultur & Freizeit,freizeit|medien,szene,Szene,noun,die,Szenen,scene,Die letzte Szene war sehr traurig.,,,,,,,,,1992,,
A2,a2-23,"Musik, Film & Lesen",a2-m8,Kultur & Freizeit,freizeit|medien,untertitel,Untertitel,noun,der,Untertitel,subtitle,Ich schaue Filme mit deutschen Untertiteln.,,,,,,,,,1320,,
A2,a2-23,"Musik, Film & Lesen",a2-m8,Kultur & Freizeit,freizeit|medien,saenger,Sänger,noun,der,Sänger,singer,Der Sänger hat eine tiefe Stimme.,,,,,,,,,8053,,
A2,a2-23,"Musik, Film & Lesen",a2-m8,Kultur & Freizeit,freizeit|medien,band,Band,noun,die,Bands,band,Die Band spielt heute Abend live.,,,,,,,,,1412,,
A2,a2-23,"Musik, Film & Lesen",a2-m8,Kultur & Freizeit,freizeit|medien,lied,Lied,noun,das,Lieder,song,Dieses Lied kenne ich aus dem Radio.,,,,,,,,,1518,,
A2,a2-23,"Musik, Film & Lesen",a2-m8,Kultur & Freizeit,freizeit|medien,instrument,Instrument,noun,das,Instrumente,instrument,Spielst du ein Instrument?,,,,,,,,,9000,,
A2,a2-23,"Musik, Film & Lesen",a2-m8,Kultur & Freizeit,freizeit|medien,klavier,Klavier,noun,das,Klaviere,piano,Meine Tochter lernt Klavier.,,,,,,,,,4058,,
A2,a2-23,"Musik, Film & Lesen",a2-m8,Kultur & Freizeit,freizeit|medien,gitarre,Gitarre,noun,die,Gitarren,guitar,Er spielt seit zehn Jahren Gitarre.,,,,,,,,,5011,,
A2,a2-23,"Musik, Film & Lesen",a2-m8,Kultur & Freizeit,freizeit|medien,buehne,Bühne,noun,die,Bühnen,stage,Auf der Bühne standen fünf Musiker.,,,,,,,,,2346,,
A2,a2-23,"Musik, Film & Lesen",a2-m8,Kultur & Freizeit,freizeit|medien,anschauen,anschauen,verb,,,"to watch, to look at",Wir schauen uns heute einen Film an.,schaut an|schaute an|angeschaut,haben,true,,,,,,3535,,
A2,a2-23,"Musik, Film & Lesen",a2-m8,Kultur & Freizeit,freizeit|medien,vorlesen,vorlesen,verb,,,to read aloud,Ich lese meinem Sohn jeden Abend vor.,liest vor|las vor|vorgelesen,haben,true,,,,,,6261,,
A2,a2-23,"Musik, Film & Lesen",a2-m8,Kultur & Freizeit,freizeit|medien,auftreten,auftreten,verb,,,"to perform, to appear",Die Band tritt am Samstag auf.,tritt auf|trat auf|aufgetreten,sein,true,,,,,,4944,,
A2,a2-23,"Musik, Film & Lesen",a2-m8,Kultur & Freizeit,freizeit|medien,erscheinen,erscheinen,verb,,,"to appear, to be published",Das Buch erscheint im Frühjahr.,erscheint|erschien|erschienen,sein,,,,,,,3152,,
A2,a2-23,"Musik, Film & Lesen",a2-m8,Kultur & Freizeit,freizeit|medien,spannend,spannend,adj,,,"exciting, gripping",Der Krimi war richtig spannend.,,,,,,,spannender,am spannendsten,5865,,
A2,a2-24,Charaktereigenschaften,a2-m9,Person & Sprache,person,charakter,Charakter,noun,der,Charaktere,character,Sie hat einen starken Charakter.,,,,,,,,,4493,,
A2,a2-24,Charaktereigenschaften,a2-m9,Person & Sprache,person,eigenschaft,Eigenschaft,noun,die,Eigenschaften,"quality, characteristic",Geduld ist eine wichtige Eigenschaft.,,,,,,,,,12907,,
A2,a2-24,Charaktereigenschaften,a2-m9,Person & Sprache,person,verhalten,Verhalten,noun,das,,behaviour,Sein Verhalten hat mich überrascht.,,,,,,,,,1608,,
A2,a2-24,Charaktereigenschaften,a2-m9,Person & Sprache,person,freundlich,freundlich,adj,,,friendly,Die Verkäuferin war sehr freundlich.,,,,,,,freundlicher,am freundlichsten,2124,,
A2,a2-24,Charaktereigenschaften,a2-m9,Person & Sprache,person,ehrlich,ehrlich,adj,,,honest,Sei bitte ehrlich zu mir.,,,,,,,ehrlicher,am ehrlichsten,592,,
A2,a2-24,Charaktereigenschaften,a2-m9,Person & Sprache,person,geduldig,geduldig,adj,,,patient,Unsere Lehrerin ist sehr geduldig.,,,,,,,geduldiger,am geduldigsten,7460,,
A2,a2-24,Charaktereigenschaften,a2-m9,Person & Sprache,person,ungeduldig,ungeduldig,adj,,,impatient,Im Stau werde ich schnell ungeduldig.,,,,,,,ungeduldiger,am ungeduldigsten,8779,,
A2,a2-24,Charaktereigenschaften,a2-m9,Person & Sprache,person,ordentlich,ordentlich,adj,,,tidy,Mein Bruder ist sehr ordentlich.,,,,,,,ordentlicher,am ordentlichsten,3937,,
A2,a2-24,Charaktereigenschaften,a2-m9,Person & Sprache,person,unordentlich,unordentlich,adj,,,untidy,Sein Zimmer ist immer unordentlich.,,,,,,,unordentlicher,am unordentlichsten,19404,,
A2,a2-24,Charaktereigenschaften,a2-m9,Person & Sprache,person,faul,faul,adj,,,lazy,Am Sonntag bin ich gern faul.,,,,,,,fauler,am faulsten,4816,,
A2,a2-24,Charaktereigenschaften,a2-m9,Person & Sprache,person,sympathisch,sympathisch,adj,,,likeable,Dein neuer Kollege ist mir sympathisch.,,,,,,,sympathischer,am sympathischsten,11053,,
A2,a2-24,Charaktereigenschaften,a2-m9,Person & Sprache,person,ernst,ernst,adj,,,serious,Er sieht heute sehr ernst aus.,,,,,,,ernster,am ernstesten,525,,
A2,a2-24,Charaktereigenschaften,a2-m9,Person & Sprache,person,lustig,lustig,adj,,,funny,Der Abend war wirklich lustig.,,,,,,,lustiger,am lustigsten,860,,
A2,a2-24,Charaktereigenschaften,a2-m9,Person & Sprache,person,klug,klug,adj,,,clever,Das war eine kluge Entscheidung.,,,,,,,klüger,am klügsten,2017,,
A2,a2-24,Charaktereigenschaften,a2-m9,Person & Sprache,person,dumm,dumm,adj,,,stupid,Das war eine dumme Idee.,,,,,,,dümmer,am dümmsten,955,,
A2,a2-24,Charaktereigenschaften,a2-m9,Person & Sprache,person,mutig,mutig,adj,,,brave,"Es war mutig, allein zu kommen.",,,,,,,mutiger,am mutigsten,3210,,
A2,a2-24,Charaktereigenschaften,a2-m9,Person & Sprache,person,schuechtern,schüchtern,adj,,,shy,Am Anfang war ich sehr schüchtern.,,,,,,,schüchterner,am schüchternsten,4252,,
A2,a2-24,Charaktereigenschaften,a2-m9,Person & Sprache,person,grosszuegig,großzügig,adj,,,generous,Er ist immer sehr großzügig.,,,,,,,großzügiger,am großzügigsten,3775,,
A2,a2-24,Charaktereigenschaften,a2-m9,Person & Sprache,person,sparsam,sparsam,adj,,,thrifty,Wir müssen dieses Jahr sparsam sein.,,,,,,,sparsamer,am sparsamsten,18899,,
A2,a2-24,Charaktereigenschaften,a2-m9,Person & Sprache,person,neugierig,neugierig,adj,,,"curious, nosy",Kinder sind von Natur aus neugierig.,,,,,,,neugieriger,am neugierigsten,2722,,
A2,a2-24,Charaktereigenschaften,a2-m9,Person & Sprache,person,ehrgeizig,ehrgeizig,adj,,,ambitious,Sie ist sehr ehrgeizig im Beruf.,,,,,,,ehrgeiziger,am ehrgeizigsten,11482,,
A2,a2-24,Charaktereigenschaften,a2-m9,Person & Sprache,person,hilfsbereit,hilfsbereit,adj,,,helpful,Die Nachbarn sind alle sehr hilfsbereit.,,,,,,,hilfsbereiter,am hilfsbereitesten,19224,,
A2,a2-24,Charaktereigenschaften,a2-m9,Person & Sprache,person,streng,streng,adj,,,strict,Mein Vater war ziemlich streng.,,,,,,,strenger,am strengsten,2669,,
A2,a2-24,Charaktereigenschaften,a2-m9,Person & Sprache,person,tolerant,tolerant,adj,,,tolerant,Diese Stadt ist sehr tolerant.,,,,,,,toleranter,am tolerantesten,26789,,
A2,a2-24,Charaktereigenschaften,a2-m9,Person & Sprache,person,egoistisch,egoistisch,adj,,,selfish,Das finde ich ziemlich egoistisch.,,,,,,,egoistischer,am egoistischsten,5577,,
A2,a2-25,Gefühle & Meinungen,a2-m9,Person & Sprache,gefuehle,meinung,Meinung,noun,die,Meinungen,opinion,Was ist deine Meinung dazu?,,,,,,,,,872,,
A2,a2-25,Gefühle & Meinungen,a2-m9,Person & Sprache,gefuehle,ansicht,Ansicht,noun,die,Ansichten,"view, opinion",Meiner Ansicht nach ist das falsch.,,,,,,,,,5454,,
A2,a2-25,Gefühle & Meinungen,a2-m9,Person & Sprache,gefuehle,vorschlag,Vorschlag,noun,der,Vorschläge,suggestion,Ich habe einen Vorschlag.,,,,,,,,,2459,,
A2,a2-25,Gefühle & Meinungen,a2-m9,Person & Sprache,gefuehle,zweifel,Zweifel,noun,der,Zweifel,doubt,Ich habe da große Zweifel.,,,,,,,,,1977,,
A2,a2-25,Gefühle & Meinungen,a2-m9,Person & Sprache,gefuehle,hoffnung,Hoffnung,noun,die,Hoffnungen,hope,Ich habe die Hoffnung noch nicht aufgegeben.,,,,,,,,,1283,,
A2,a2-25,Gefühle & Meinungen,a2-m9,Person & Sprache,gefuehle,wunsch,Wunsch,noun,der,Wünsche,wish,Hast du einen besonderen Wunsch?,,,,,,,,,1871,,
A2,a2-25,Gefühle & Meinungen,a2-m9,Person & Sprache,gefuehle,sorge,Sorge,noun,die,Sorgen,worry,Mach dir keine Sorgen!,,,,,,,,,582,,
A2,a2-25,Gefühle & Meinungen,a2-m9,Person & Sprache,gefuehle,aerger,Ärger,noun,der,,"trouble, annoyance",Mit dem Vermieter gab es Ärger.,,,,,,,,,956,,
A2,a2-25,Gefühle & Meinungen,a2-m9,Person & Sprache,gefuehle,enttaeuschung,Enttäuschung,noun,die,Enttäuschungen,disappointment,Die Absage war eine große Enttäuschung.,,,,,,,,,7628,,
A2,a2-25,Gefühle & Meinungen,a2-m9,Person & Sprache,gefuehle,ueberraschung,Überraschung,noun,die,Überraschungen,surprise,Was für eine schöne Überraschung!,,,,,,,,,1241,,
A2,a2-25,Gefühle & Meinungen,a2-m9,Person & Sprache,gefuehle,interesse,Interesse,noun,das,Interessen,interest,Ich habe großes Interesse an der Stelle.,,,,,,,,,1610,,
A2,a2-25,Gefühle & Meinungen,a2-m9,Person & Sprache,gefuehle,langeweile,Langeweile,noun,die,,boredom,Aus Langeweile habe ich das Zimmer aufgeräumt.,,,,,,,,,9700,,
A2,a2-25,Gefühle & Meinungen,a2-m9,Person & Sprache,gefuehle,vertrauen,Vertrauen,noun,das,,trust,Vertrauen muss man sich verdienen.,,,,,,,,,747,,
A2,a2-25,Gefühle & Meinungen,a2-m9,Person & Sprache,gefuehle,eindruck,Eindruck,noun,der,Eindrücke,impression,Sie hat einen guten Eindruck gemacht.,,,,,,,,,2404,,
A2,a2-25,Gefühle & Meinungen,a2-m9,Person & Sprache,gefuehle,stimmung,Stimmung,noun,die,Stimmungen,"mood, atmosphere",Die Stimmung im Team ist gut.,,,,,,,,,2913,,
A2,a2-25,Gefühle & Meinungen,a2-m9,Person & Sprache,gefuehle,hoffen,hoffen,verb,,,to hope,Ich hoffe auf gutes Wetter.,hofft|hoffte|gehofft,haben,,,auf,akk,,,1746,,
A2,a2-25,Gefühle & Meinungen,a2-m9,Person & Sprache,gefuehle,wuenschen,wünschen,verb,,,to wish,Ich wünsche dir alles Gute.,wünscht|wünschte|gewünscht,haben,,true,,,,,1677,,
A2,a2-25,Gefühle & Meinungen,a2-m9,Person & Sprache,gefuehle,sorgen,sorgen,verb,,,"to worry, to see to",Ich sorge mich um meine Eltern.,sorgt|sorgte|gesorgt,haben,,true,um,akk,,,425,,
A2,a2-25,Gefühle & Meinungen,a2-m9,Person & Sprache,gefuehle,interessieren,interessieren,verb,,,to be interested in,Ich interessiere mich für Politik.,interessiert|interessierte|interessiert,haben,,true,für,akk,,,2422,,
A2,a2-25,Gefühle & Meinungen,a2-m9,Person & Sprache,gefuehle,zustimmen,zustimmen,verb,,,to agree,Da stimme ich dir zu.,stimmt zu|stimmte zu|zugestimmt,haben,true,,,dat,,,4793,,
A2,a2-25,Gefühle & Meinungen,a2-m9,Person & Sprache,gefuehle,ablehnen,ablehnen,verb,,,to reject,Der Antrag wurde abgelehnt.,lehnt ab|lehnte ab|abgelehnt,haben,true,,,,,,5609,,
A2,a2-25,Gefühle & Meinungen,a2-m9,Person & Sprache,gefuehle,meinen,meinen,verb,,,"to think, to mean",Was meinst du damit?,meint|meinte|gemeint,haben,,,,,,,165,,
A2,a2-25,Gefühle & Meinungen,a2-m9,Person & Sprache,gefuehle,ueberraschen,überraschen,verb,,,to surprise,Deine Antwort überrascht mich.,überrascht|überraschte|überrascht,haben,,,,,,,3556,,
A2,a2-25,Gefühle & Meinungen,a2-m9,Person & Sprache,gefuehle,enttaeuschen,enttäuschen,verb,,,to disappoint,Der Film hat mich enttäuscht.,enttäuscht|enttäuschte|enttäuscht,haben,,,,,,,4153,,
A2,a2-25,Gefühle & Meinungen,a2-m9,Person & Sprache,gefuehle,langweilen,langweilen,verb,,,to be bored,Ich langweile mich am Wochenende.,langweilt|langweilte|gelangweilt,haben,,true,,,,,7540,,
A2,a2-26,Umwelt & Müll,a2-m9,Person & Sprache,umwelt,umwelt,Umwelt,noun,die,,environment,Wir müssen die Umwelt schützen.,,,,,,,,,9150,,
A2,a2-26,Umwelt & Müll,a2-m9,Person & Sprache,umwelt,umweltschutz,Umweltschutz,noun,der,,environmental protection,Umweltschutz beginnt zu Hause.,,,,,,,,,42853,,
A2,a2-26,Umwelt & Müll,a2-m9,Person & Sprache,umwelt,klima,Klima,noun,das,Klimata,climate,Das Klima verändert sich schnell.,,,,,,,,,11650,,
A2,a2-26,Umwelt & Müll,a2-m9,Person & Sprache,umwelt,klimawandel,Klimawandel,noun,der,,climate change,Der Klimawandel betrifft uns alle.,,,,,,,,,39616,,
A2,a2-26,Umwelt & Müll,a2-m9,Person & Sprache,umwelt,energie,Energie,noun,die,Energien,energy,Wir sollten Energie sparen.,,,,,,,,,1581,,
A2,a2-26,Umwelt & Müll,a2-m9,Person & Sprache,umwelt,windkraft,Windkraft,noun,die,,wind power,Im Norden gibt es viel Windkraft.,,,,,,,,,,,
A2,a2-26,Umwelt & Müll,a2-m9,Person & Sprache,umwelt,kohle,Kohle,noun,die,Kohlen,coal,Strom aus Kohle ist schlecht fürs Klima.,,,,,,,,,2286,,
A2,a2-26,Umwelt & Müll,a2-m9,Person & Sprache,umwelt,abfall,Abfall,noun,der,Abfälle,waste,Wir produzieren zu viel Abfall.,,,,,,,,,9203,,
A2,a2-26,Umwelt & Müll,a2-m9,Person & Sprache,umwelt,muelltrennung,Mülltrennung,noun,die,,waste separation,Die Mülltrennung ist in Deutschland streng.,,,,,,,,,,,
A2,a2-26,Umwelt & Müll,a2-m9,Person & Sprache,umwelt,altpapier,Altpapier,noun,das,,waste paper,Zeitungen kommen ins Altpapier.,,,,,,,,,,,
A2,a2-26,Umwelt & Müll,a2-m9,Person & Sprache,umwelt,glascontainer,Glascontainer,noun,der,Glascontainer,bottle bank,Der Glascontainer steht am Parkplatz.,,,,,,,,,,,
A2,a2-26,Umwelt & Müll,a2-m9,Person & Sprache,umwelt,pfand,Pfand,noun,das,,deposit (on bottles),Auf die Flasche gibt es 25 Cent Pfand.,,,,,,,,,17413,,
A2,a2-26,Umwelt & Müll,a2-m9,Person & Sprache,umwelt,plastik,Plastik,noun,das,,plastic,Plastik braucht Hunderte Jahre zum Abbau.,,,,,,,,,8792,,
A2,a2-26,Umwelt & Müll,a2-m9,Person & Sprache,umwelt,verschmutzung,Verschmutzung,noun,die,Verschmutzungen,pollution,Die Verschmutzung der Flüsse nimmt zu.,,,,,,,,,35010,,
A2,a2-26,Umwelt & Müll,a2-m9,Person & Sprache,umwelt,recycling,Recycling,noun,das,,recycling,Recycling spart Rohstoffe.,,,,,,,,,38621,,
A2,a2-26,Umwelt & Müll,a2-m9,Person & Sprache,umwelt,ressource,Ressource,noun,die,Ressourcen,resource,Wasser ist eine wertvolle Ressource.,,,,,,,,,47150,,
A2,a2-26,Umwelt & Müll,a2-m9,Person & Sprache,umwelt,naturschutz,Naturschutz,noun,der,,nature conservation,Das Gebiet steht unter Naturschutz.,,,,,,,,,,,
A2,a2-26,Umwelt & Müll,a2-m9,Person & Sprache,umwelt,tierschutz,Tierschutz,noun,der,,animal welfare,Sie engagiert sich im Tierschutz.,,,,,,,,,46979,,
A2,a2-26,Umwelt & Müll,a2-m9,Person & Sprache,umwelt,biotonne,Biotonne,noun,die,Biotonnen,organic waste bin,Essensreste kommen in die Biotonne.,,,,,,,,,,,
A2,a2-26,Umwelt & Müll,a2-m9,Person & Sprache,umwelt,restmuell,Restmüll,noun,der,,residual waste,Der Restmüll wird alle zwei Wochen geholt.,,,,,,,,,,,
A2,a2-26,Umwelt & Müll,a2-m9,Person & Sprache,umwelt,trennen,trennen,verb,,,to separate,Wir trennen den Müll sehr genau.,trennt|trennte|getrennt,haben,,,,,,,2457,,
A2,a2-26,Umwelt & Müll,a2-m9,Person & Sprache,umwelt,sammeln,sammeln,verb,,,to collect,Die Klasse sammelt alte Handys.,sammelt|sammelte|gesammelt,haben,,,,,,,3099,,
A2,a2-26,Umwelt & Müll,a2-m9,Person & Sprache,umwelt,vermeiden,vermeiden,verb,,,to avoid,"Ich versuche, Plastik zu vermeiden.",vermeidet|vermied|vermieden,haben,,,,,,,3360,,
A2,a2-26,Umwelt & Müll,a2-m9,Person & Sprache,umwelt,schuetzen,schützen,verb,,,to protect,Der Wald schützt uns vor Lärm.,schützt|schützte|geschützt,haben,,,vor,dat,,,1329,,
A2,a2-26,Umwelt & Müll,a2-m9,Person & Sprache,umwelt,umweltfreundlich,umweltfreundlich,adj,,,environmentally friendly,Mit dem Rad zu fahren ist umweltfreundlich.,,,,,,,umweltfreundlicher,am umweltfreundlichsten,,,
A2,a2-27,Trennbare Verben,a2-m9,Person & Sprache,sprache,ausgehen,ausgehen,verb,,,to go out,Am Freitag gehen wir aus.,geht aus|ging aus|ausgegangen,sein,true,,,,,,2133,,
A2,a2-27,Trennbare Verben,a2-m9,Person & Sprache,sprache,mitkommen,mitkommen,verb,,,to come along,Kommst du mit ins Kino?,kommt mit|kam mit|mitgekommen,sein,true,,,,,,1689,,
A2,a2-27,Trennbare Verben,a2-m9,Person & Sprache,sprache,mitmachen,mitmachen,verb,,,to join in,Wer macht bei dem Projekt mit?,macht mit|machte mit|mitgemacht,haben,true,,,,,,3713,,
A2,a2-27,Trennbare Verben,a2-m9,Person & Sprache,sprache,zuhoeren,zuhören,verb,,,to listen,Hör mir bitte kurz zu.,hört zu|hörte zu|zugehört,haben,true,,,dat,,,2456,,
A2,a2-27,Trennbare Verben,a2-m9,Person & Sprache,sprache,aufpassen,aufpassen,verb,,,"to pay attention, to look after",Pass bitte auf die Kinder auf.,passt auf|passte auf|aufgepasst,haben,true,,auf,akk,,,1637,,
A2,a2-27,Trennbare Verben,a2-m9,Person & Sprache,sprache,ansehen,ansehen,verb,,,to look at,Sieh dir das mal an!,sieht an|sah an|angesehen,haben,true,,,,,,1044,,
A2,a2-27,Trennbare Verben,a2-m9,Person & Sprache,sprache,aufschreiben,aufschreiben,verb,,,to write down,Schreib dir die Nummer auf.,schreibt auf|schrieb auf|aufgeschrieben,haben,true,,,,,,8677,,
A2,a2-27,Trennbare Verben,a2-m9,Person & Sprache,sprache,abschicken,abschicken,verb,,,to send off,Ich habe die Bewerbung schon abgeschickt.,schickt ab|schickte ab|abgeschickt,haben,true,,,,,,26362,,
A2,a2-27,Trennbare Verben,a2-m9,Person & Sprache,sprache,annehmen,annehmen,verb,,,"to accept, to assume",Ich nehme das Angebot an.,nimmt an|nahm an|angenommen,haben,true,,,,,,2140,,
A2,a2-27,Trennbare Verben,a2-m9,Person & Sprache,sprache,ausdrucken,ausdrucken,verb,,,to print out,Können Sie das Formular ausdrucken?,druckt aus|druckte aus|ausgedruckt,haben,true,,,,,,27873,,
A2,a2-27,Trennbare Verben,a2-m9,Person & Sprache,sprache,nachdenken,nachdenken,verb,,,to think about,Ich muss über den Vorschlag nachdenken.,denkt nach|dachte nach|nachgedacht,haben,true,,über,akk,,,1767,,
A2,a2-27,Trennbare Verben,a2-m9,Person & Sprache,sprache,vorstellen,vorstellen,verb,,,"to introduce, to imagine",Darf ich mich kurz vorstellen?,stellt vor|stellte vor|vorgestellt,haben,true,true,,,,,801,,
A2,a2-27,Trennbare Verben,a2-m9,Person & Sprache,sprache,zunehmen,zunehmen,verb,,,"to increase, to put on weight",Im Winter nehme ich immer zu.,nimmt zu|nahm zu|zugenommen,haben,true,,,,,,24436,,
A2,a2-27,Trennbare Verben,a2-m9,Person & Sprache,sprache,abnehmen,abnehmen,verb,,,"to decrease, to lose weight",Er hat zehn Kilo abgenommen.,nimmt ab|nahm ab|abgenommen,haben,true,,,,,,3954,,
A2,a2-27,Trennbare Verben,a2-m9,Person & Sprache,sprache,einschlafen,einschlafen,verb,,,to fall asleep,Ich bin vor dem Fernseher eingeschlafen.,schläft ein|schlief ein|eingeschlafen,sein,true,,,,,,5744,,
A2,a2-27,Trennbare Verben,a2-m9,Person & Sprache,sprache,aufwachsen,aufwachsen,verb,,,to grow up,Ich bin auf dem Land aufgewachsen.,wächst auf|wuchs auf|aufgewachsen,sein,true,,,,,,9887,,
A2,a2-27,Trennbare Verben,a2-m9,Person & Sprache,sprache,umdrehen,umdrehen,verb,,,to turn around,Dreh das Blatt bitte um.,dreht um|drehte um|umgedreht,haben,true,,,,,,3306,,
A2,a2-27,Trennbare Verben,a2-m9,Person & Sprache,sprache,wegwerfen,wegwerfen,verb,,,to throw away,Wirf das bitte nicht weg.,wirft weg|warf weg|weggeworfen,haben,true,,,,,,6577,,
A2,a2-27,Trennbare Verben,a2-m9,Person & Sprache,sprache,zurueckbringen,zurückbringen,verb,,,to bring back,Ich bringe das Buch morgen zurück.,bringt zurück|brachte zurück|zurückgebracht,haben,true,,,,,,4112,,
A2,a2-27,Trennbare Verben,a2-m9,Person & Sprache,sprache,mitnehmen,mitnehmen,verb,,,to take along,Nimm bitte einen Regenschirm mit.,nimmt mit|nahm mit|mitgenommen,haben,true,,,,,,1461,,
A2,a2-27,Trennbare Verben,a2-m9,Person & Sprache,sprache,ausfallen,ausfallen,verb,,,to be cancelled,Der Unterricht fällt heute aus.,fällt aus|fiel aus|ausgefallen,sein,true,,,,,,11118,,
A2,a2-27,Trennbare Verben,a2-m9,Person & Sprache,sprache,anbieten,anbieten,verb,,,to offer,Darf ich Ihnen einen Kaffee anbieten?,bietet an|bot an|angeboten,haben,true,,,,,,2937,,
A2,a2-27,Trennbare Verben,a2-m9,Person & Sprache,sprache,eintragen,eintragen,verb,,,"to enter, to register",Tragen Sie bitte Ihren Namen ein.,trägt ein|trug ein|eingetragen,haben,true,,,,,,15557,,
A2,a2-27,Trennbare Verben,a2-m9,Person & Sprache,sprache,aufgeben,aufgeben,verb,,,to give up,Gib nicht so schnell auf!,gibt auf|gab auf|aufgegeben,haben,true,,,,,,1896,,
A2,a2-27,Trennbare Verben,a2-m9,Person & Sprache,sprache,durchlesen,durchlesen,verb,,,to read through,Lies den Vertrag genau durch.,liest durch|las durch|durchgelesen,haben,true,,,,,,29125,,
A2,a2-28,"Redemittel: Bitten, Vorschläge, Termine",a2-m9,Person & Sprache,sprache|kommunikation,koennten-sie-mir-bitte-helfen,Könnten Sie mir bitte helfen?,phrase,,,"Could you help me, please?",,,,,,,,,,,Höfliche Bitte im Konjunktiv II — passt in jeder Situation mit Fremden.,
A2,a2-28,"Redemittel: Bitten, Vorschläge, Termine",a2-m9,Person & Sprache,sprache|kommunikation,ich-haette-gern,Ich hätte gern …,phrase,,,I would like …,,,,,,,,,,,Standard beim Bestellen und Einkaufen; höflicher als „Ich will“.,
A2,a2-28,"Redemittel: Bitten, Vorschläge, Termine",a2-m9,Person & Sprache,sprache|kommunikation,waere-es-moeglich-dass,"Wäre es möglich, dass …?",phrase,,,Would it be possible that …?,,,,,,,,,,,"Sehr höfliche Bitte, gut bei Behörden und im Beruf.",
A2,a2-28,"Redemittel: Bitten, Vorschläge, Termine",a2-m9,Person & Sprache,sprache|kommunikation,ich-moechte-einen-termin-vereinbaren,Ich möchte einen Termin vereinbaren.,phrase,,,I would like to make an appointment.,,,,,,,,,,,"Der Standardsatz am Telefon bei Arzt, Amt oder Beratung.",
A2,a2-28,"Redemittel: Bitten, Vorschläge, Termine",a2-m9,Person & Sprache,sprache|kommunikation,passt-es-ihnen-am-montag,Passt es Ihnen am Montag?,phrase,,,Does Monday suit you?,,,,,,,,,,,Terminvorschlag in der Sie-Form; mit „dir“ für Freunde.,
A2,a2-28,"Redemittel: Bitten, Vorschläge, Termine",a2-m9,Person & Sprache,sprache|kommunikation,leider-habe-ich-da-keine-zeit,Leider habe ich da keine Zeit.,phrase,,,Unfortunately I have no time then.,,,,,,,,,,,Höfliche Absage — „leider“ macht das Nein weicher.,
A2,a2-28,"Redemittel: Bitten, Vorschläge, Termine",a2-m9,Person & Sprache,sprache|kommunikation,das-passt-mir-gut,Das passt mir gut.,phrase,,,That suits me well.,,,,,,,,,,,Zusage zu einem Terminvorschlag.,
A2,a2-28,"Redemittel: Bitten, Vorschläge, Termine",a2-m9,Person & Sprache,sprache|kommunikation,wie-waere-es-mit,Wie wäre es mit …?,phrase,,,How about …?,,,,,,,,,,,Vorschlag machen; danach folgt der Dativ.,
A2,a2-28,"Redemittel: Bitten, Vorschläge, Termine",a2-m9,Person & Sprache,sprache|kommunikation,sollen-wir,Sollen wir …?,phrase,,,Shall we …?,,,,,,,,,,,Lockerer Vorschlag unter Freunden und Kollegen.,
A2,a2-28,"Redemittel: Bitten, Vorschläge, Termine",a2-m9,Person & Sprache,sprache|kommunikation,ich-schlage-vor-dass,"Ich schlage vor, dass …",phrase,,,I suggest that …,,,,,,,,,,,"Formeller Vorschlag, z. B. in einer Besprechung. Verb ans Satzende!",
A2,a2-28,"Redemittel: Bitten, Vorschläge, Termine",a2-m9,Person & Sprache,sprache|kommunikation,das-ist-eine-gute-idee,Das ist eine gute Idee.,phrase,,,That's a good idea.,,,,,,,,,,,Zustimmung zu einem Vorschlag.,
A2,a2-28,"Redemittel: Bitten, Vorschläge, Termine",a2-m9,Person & Sprache,sprache|kommunikation,da-bin-ich-anderer-meinung,Da bin ich anderer Meinung.,phrase,,,I disagree with that.,,,,,,,,,,,"Höflicher Widerspruch — deutlich, aber nicht unfreundlich.",
A2,a2-28,"Redemittel: Bitten, Vorschläge, Termine",a2-m9,Person & Sprache,sprache|kommunikation,ich-bin-damit-einverstanden,Ich bin damit einverstanden.,phrase,,,I agree to that.,,,,,,,,,,,"Formelle Zustimmung, oft bei Verträgen und Absprachen.",
A2,a2-28,"Redemittel: Bitten, Vorschläge, Termine",a2-m9,Person & Sprache,sprache|kommunikation,tut-mir-leid-das-geht-nicht,"Tut mir leid, das geht nicht.",phrase,,,"Sorry, that's not possible.",,,,,,,,,,,"Klare, aber höfliche Absage.",
A2,a2-28,"Redemittel: Bitten, Vorschläge, Termine",a2-m9,Person & Sprache,sprache|kommunikation,koennen-wir-den-termin-verschieben,Können wir den Termin verschieben?,phrase,,,Can we postpone the appointment?,,,,,,,,,,,Wichtig bei Arzt und Amt — am besten rechtzeitig anrufen.,
A2,a2-28,"Redemittel: Bitten, Vorschläge, Termine",a2-m9,Person & Sprache,sprache|kommunikation,ich-melde-mich-bei-ihnen,Ich melde mich bei Ihnen.,phrase,,,I'll get in touch with you.,,,,,,,,,,,Gesprächsabschluss am Telefon; hält die Tür offen.,
A2,a2-28,"Redemittel: Bitten, Vorschläge, Termine",a2-m9,Person & Sprache,sprache|kommunikation,vielen-dank-im-voraus,Vielen Dank im Voraus.,phrase,,,Thank you in advance.,,,,,,,,,,,"Schlusssatz in formellen E-Mails, vor „Mit freundlichen Grüßen“.",
A2,a2-28,"Redemittel: Bitten, Vorschläge, Termine",a2-m9,Person & Sprache,sprache|kommunikation,entschuldigen-sie-die-verspaetung,Entschuldigen Sie die Verspätung.,phrase,,,Sorry for being late.,,,,,,,,,,,Pünktlichkeit zählt viel — dieser Satz gehört dazu.,
A2,a2-28,"Redemittel: Bitten, Vorschläge, Termine",a2-m9,Person & Sprache,sprache|kommunikation,kein-problem,Kein Problem.,phrase,,,No problem.,,,,,,,,,,,Lockere Antwort auf eine Entschuldigung oder Bitte.,
A2,a2-28,"Redemittel: Bitten, Vorschläge, Termine",a2-m9,Person & Sprache,sprache|kommunikation,darf-ich-sie-etwas-fragen,Darf ich Sie etwas fragen?,phrase,,,May I ask you something?,,,,,,,,,,,"Höflicher Einstieg, bevor man eine Frage stellt.",
A2,a2-28,"Redemittel: Bitten, Vorschläge, Termine",a2-m9,Person & Sprache,sprache|kommunikation,koennten-sie-das-bitte-wiederholen,Könnten Sie das bitte wiederholen?,phrase,,,"Could you repeat that, please?",,,,,,,,,,,"Der nützlichste Satz im Kurs — nie zögern, ihn zu benutzen.",
A2,a2-28,"Redemittel: Bitten, Vorschläge, Termine",a2-m9,Person & Sprache,sprache|kommunikation,wie-bitte,Wie bitte?,phrase,,,Pardon? / Sorry?,,,,,,,,,,,"Kurz und höflich, wenn man etwas nicht verstanden hat.",
A2,a2-28,"Redemittel: Bitten, Vorschläge, Termine",a2-m9,Person & Sprache,sprache|kommunikation,einen-moment-bitte,"Einen Moment, bitte.",phrase,,,"One moment, please.",,,,,,,,,,,Am Telefon und am Schalter; gewinnt Zeit.,
A2,a2-28,"Redemittel: Bitten, Vorschläge, Termine",a2-m9,Person & Sprache,sprache|kommunikation,ich-rufe-spaeter-noch-einmal-an,Ich rufe später noch einmal an.,phrase,,,I'll call again later.,,,,,,,,,,,Wenn niemand erreichbar ist oder die Leitung besetzt ist.,
A2,a2-28,"Redemittel: Bitten, Vorschläge, Termine",a2-m9,Person & Sprache,sprache|kommunikation,koennten-sie-bitte-langsamer-sprechen,Könnten Sie bitte langsamer sprechen?,phrase,,,"Could you speak more slowly, please?",,,,,,,,,,,Völlig normal zu fragen — die meisten Leute reagieren freundlich.,
